id_cliente,nombre,email,ciudad
328,Allison Hill,,East Jill
58,Jonathan Johnson,lrobinson@example.com,Lake Debra
13,Abigail Shaffer,susanrogers@example.org,Petersonberg
380,Ian Cooper,dudleynicholasexample.net,Lindsaymouth
141,Mark Mcclure,stanleykendra@example.org,Barbaraland
126,Sharon James,mitchellclarkexample.com,Reidstad
115,Melinda Jones,Stevennelson@exaMPle.Net,New Jessica
72,Colleen Nguyen,nadams@example.net,East Lydiamouth
378,Emily Rios,josephwright@example.net,Wilkersonmouth
53,Nicole Patterson,ddavis@example.org,Coxberg
347,Christopher Becker,tasha01example.net,South Patrickmouth
497,Nicole Mack,shawnmckay@example.net,Danielchester
457,Jonathan White,ericfarmerexample.net,Port Colleenhaven
280,Tammy Sellers,natasha43@example.org,Tracyville
45,Keith Miller,davidalvarez@example.net,Cabreraside
303,Joseph Obrien,jenniferrossexample.net,New Karina
217,Jessica Holmes,chapmanjerry@example.org,East Jeffreymouth
17,Michael Brown,joshuawashington@example.net,North Micheleland
16,Timothy Duncan,glee@eXample.net,Sanchezfort
48,Jeff Owens,powellmatthew@example.org,Lake Deniseville
112,Connor West,nancyjones@example.net,Whitemouth
120,Matthew Fernandez,richardolson@example.com,North Sarabury
259,Carmen Smith,rodney87@example.org,Bakermouth
309,Daniel Brown,hshaw@example.org,Lake Leeton
14,Jordan York,kwilsonexample.org,New Carlosbury
288,Amanda Miller,,Sarahborough
102,Joyce Hickman,jonesjason@example.Com,North Stephenshire
367,Gregory Jones,tbass@example.com,West Justin
333,Victoria Valdez,mcmillandennis@example.org,Lake Lisaport
360,Natalie Moore,gracefarrell@example.net,Cassandramouth
487,Taylor Mathis Jr.,coOkdAvid@example.com,Calderonton
215,Jeremy Thornton,daVenportbrandi@example.OrG,North Charlesberg
113,Andrew Diaz,gomezaNIta@example.com,West Jasonbury
230,Nicole Frost,nicolejOhnson@example.net,Port Francisco
302,Rachel Jenkins,reyesbenjamin@example.com,West Erik
143,Robert Stevens,andrewlee@example.com,Loribury
415,Benjamin Ayala,sheila14@example.org,Darlenefurt
446,Victoria Johnson,gobrien@example.org,Reedmouth
4,Kenneth Scott,michaeljones@example.net,Smithside
389,Lisa Alvarado,elizabeth56@example.net,Lake Rachelhaven
413,Cameron Fisher,richard04@example.com,Byrdburgh
82,Richard Lawson,williamleonexample.net,Stevenmouth
358,Bradley Robertson,JefFrey32@exaMple.org,Clarencebury
484,William Carr,jEnNifeRcruz@examPle.com,South Robertshire
175,Matthew Smith,pwilliams@example.org,Port Ronaldburgh
465,Robert Contreras,jrivas@example.com,Stephaniemouth
80,Natasha Wells,rsims@example.com,Karenview
111,Dustin Nelson,edwardreyes@example.org,Patricialand
391,Amy Russell,xprice@example.net,Perryborough
173,Alicia Gilmore,karen68@example.net,Woodsstad
491,Rebecca Hurst,vjohnson@example.net,Robinsonchester
481,Jennifer Martin,meadowsbrittany@example.net,Calhounside
195,Marvin Taylor,dmurphy@example.com,Whiteview
50,Shawn Ramirez,ismith@example.org,Kingland
184,Mrs. Marie Harrington DDS,johnwells@example.org,East Jamestown
434,Claudia Lyons,tamirodriguez@example.org,Garyville
177,Laura Odonnell,vargasmaria@example.org,Sandersborough
310,Raymond Jefferson,amanda51@example.net,Port Tonyaton
136,Alexandria Fisher,bzimmerman@example.org,Garciastad
414,Tracie Nelson,marcus31@example.com,Marshallshire
23,Dana Marshall,hunter35@example.com,Rogersfort
374,Spencer Haynes,christophercortez@example.com,Angelahaven
236,Cynthia Alvarez,phillipsrichard@example.org,Westtown
275,Kevin Kennedy,michael74@example.com,Ronaldside
64,Bryan Lee,jaVierwashIngton@Example.net,Lake Amandaburgh
194,Paige Carlson,harry08@examPle.org,Port Jamesbury
41,William Tran,agarcia@example.net,Lake Miranda
283,John Peterson,shortrichard@example.org,West Shelleyfort
151,Melissa Hernandez,,Christopherbury
425,Courtney Mills,ntorres@example.org,Kerrport
322,Natalie Meza,mooreglenn@example.org,Lake Jason
317,Jason Norris,jasmine71@example.net,Carterbury
186,Dennis Moody,deborahkerr@ExamplE.org,South Danny
296,Christopher Parker,holly48@example.net,Scottmouth
99,Bobby Williams MD,,Cassandratown
361,Alicia Hubbard,cstone@example.com,Barbaraburgh
36,Kevin Walters,ricky51@example.org,Costafort
24,Michael Roberts,gibsonleonard@example.com,Cervantesside
339,Raymond Hancock,hbrown@example.com,Lake Mollymouth
117,Kathleen Ramos,samuel71@examPle.Org,East Josephberg
396,Lisa Allen,hdavis@example.com,West Andrea
149,Maria Moore,edavenport@example.org,Williamview
445,Charles Lee,ymorgan@example.net,Port Chad
479,Aaron Barber,jreed@exAmple.net,Grimesmouth
52,Timothy Kane,vwilliams@example.com,New Patrick
448,Roberta Hughes,,South Tammie
455,Jessica Fox,jpittsexample.org,Smithberg
233,Wayne Morgan,ofinley@example.net,Santosmouth
326,Katherine Weaver,JuliEhamilton@exaMpLe.org,East Crystalport
187,Michele Garcia,williamslaura@example.com,Lake Kevin
84,Jeffrey Sanchez,gregorylynch@example.com,Knightburgh
190,Cynthia Durham,steve07@example.com,East Steven
182,Brooke Alexander,,Vanessaport
108,James Webb,victoria40@example.net,South Ashley
344,Adam Grimes,catherinegomez@example.net,New Julieport
137,David Campos,parkerscotT@Example.net,Lake Colton
471,Carlos Browning,davidryan@ExAmple.com,Julieburgh
350,Susan Rivas,juLie51@Example.com,Robinfort
332,Brenda Levy,christopher60@example.com,Coffeyside
37,Jordan Chambers,leonardthomas@example.net,Brendastad
312,Kristina Herman,,Lake Bryan
412,Charles Shah,youngamanda@example.com,Wendyville
88,Michael Paul,fPena@example.net,Matthewsberg
274,Trevor Johnson,melissagarcia@example.net,Jeffmouth
439,Steven Newman,ndavis@example.net,South Joshuaville
495,Tricia Williams,caseyhubbard@examplE.org,Johnberg
410,Robin Hall,ramireztracey@eXample.org,Port Rachel
237,Rebecca Rodriguez,,East Alexisbury
464,Kelly Reese,hayesjeffrey@example.net,Weststad
139,Richard Camacho,lutzmelanie@example.com,Stephentown
500,Katherine Browning,martiNezclaudia@exaMple.net,North Marcberg
353,Erika Vang,mcguiredanny@example.net,Shawnchester
286,Patricia Le,robertwilcox@example.com,South Shannon
468,Brandon Simmons,fjones@example.org,Nicholasberg
351,Patrick Watson,eliZabeth65@examplE.net,New Brian
167,Jenny Moon,,West Carolinestad
29,Dr. Gregory Hawkins,xbruceexample.net,Port Joshuabury
118,Maria Johnson,sandra50@example.org,Anthonyview
483,Kylie Morales,davisalyssa@ example.com,Lake Cynthia
162,Glen Wood,,Kimberlyshire
206,Brad Ramos,wnelson@example.net,Tuckermouth
138,Jeffrey Campbell,walkertracey@example.org,Roseport
34,Eric Clark,,Port Jonathan
109,Joseph Hall,esmith@example.com,Charleston
291,Laura Mckinney,burchgeorge@example.net,Robertsfurt
368,Michael Cox,hchapman@example.org,Richardbury
381,Eric Morgan,schmidtjameS@example.com,Kimberlyland
377,Tyler Brewer,james92@example.net,East Curtis
336,Trevor Burton,kmaldonado@example.net,Webstershire
256,Lori Lin,,Edwardland
203,Heather Jones,marie11@example.net,Hayeston
330,Janice Carpenter,,South Reginashire
235,Joanna Shepherd,benjaminzimmerman@example.com,Toniland
74,Lisa Cox,mccormickdeborah@example.org,Paulmouth
442,Justin Hughes,christopher25@example.com,Jenniferberg
493,Melissa Myers,elizabethcalderon@ example.net,West Angelicamouth
127,Susan Davis DDS,stephaniepeterson@example.com,Andrewport
475,Zachary Moore,stanleynancy@exaMple.neT,Meganville
276,James Martin,udiaz@example.org,Lake Samuel
135,Lisa Goodwin,tammy73@exampLE.com,Youngbury
300,Laura Alexander,mburch@example.net,Kimberlyhaven
220,David Davidson,mitchellkathryn@example.com,Angelaville
299,Jose Guerra,perryrandyexample.com,East Lisastad
205,Zachary Brooks,devinmitchell@example.com,West Sarahmouth
428,Brenda Thornton,scottmaRy@examPle.net,Gilbertland
387,Lisa Henderson,allendanielle@example.net,Johnville
71,Brian Stein,kellysmith@example.com,Lake Zacharybury
261,Jason Beck,myerstheodoreexample.net,New Theresaland
253,James Burgess,jessicafullerexample.net,Kristinastad
47,Evelyn Williams,epollardexample.net,Lisaburgh
25,Chad Baldwin,MoodyninA@example.com,Johnsonborough
57,Kaylee Hays,michael05@example.com,Kingborough
79,Jacob Preston,terri77@exampLe.com,Klinefurt
430,Kelly Owen,manuel15@example.net,Millerburgh
459,Jeremy Robbins,wwilliams@example.net,Lake Scott
488,Mrs. Veronica Gould MD,thomascathy@example.com,Coxburgh
306,Austin Osborne,jacobserika@example.com,Michaelshire
33,Phillip Berry,susanjohnson@example.org,Raymondview
198,Mr. Justin Green III,igonzalez@example.org,Lewisport
196,Steven Wallace,,Port Evelynmouth
406,Sarah Joseph,davidhaRrIs@example.oRg,Port Michael
240,Johnny Ward,cherylmiller@example.com,Tannerside
271,Mitchell Mendoza,martinezlogan@example.org,Hammondshire
129,Michael Cooper,dshaw@example.org,Port Tammy
284,Elizabeth Martin,meghan43@example.net,West Stacey
6,Denise Weber,georgeweber@example.net,New Danielleshire
59,Thomas Williams,debra96@ example.net,North Brandonshire
437,Kathleen Burton,zsaNcheZ@example.net,Dawnport
405,Jesse Barker,mharris@example.org,South Robert
329,Nathan Gross,zachary15@ example.org,Theresaberg
456,Derek Wright,kwright@example.com,North Kellyfurt
499,Michelle Lee,tjimenez@example.com,South Wendy
432,Tony Wagner,williamsTroy@exaMpLe.neT,East Brandy
223,Donna Smith,kathryn50@example.com,South Dennisview
81,Justin Cox,rduran@example.net,Charleshaven
460,Barbara Hester,kari39@example.net,Brooksmouth
2,Andrew Williams,ghernAndeZ@example.org,Lindahaven
431,Louis Martin,,Brittneyhaven
257,Isabella Nunez,pbaker@example.net,Silvatown
92,Mikayla Silva,rhernandez@examplE.org,New Cristina
260,Travis Rodriguez,avaughn@example.net,South Leeberg
55,Tami Salas,,Lake Devinborough
153,Christopher Barr,,Amyview
320,Courtney Dudley,wstewart@eXampLe.net,Kellieborough
400,Rebecca Hill,xcardenaS@example.org,New Ericafurt
474,Dwayne Klein,ilewis@example.com,Sandraview
348,Melissa Taylor,danawilliams@example.com,East Brent
192,John Maldonado,richarddonovan@example.com,North Tamara
83,Curtis Maynard,pearsonjesse@example.net,Justinton
277,Taylor Gentry,,South Nicole
272,Charlotte Curry,ashley15@example.com,Nancytown
1,Martin Warren,,Port William
307,Mariah Higgins,grEGoryChase@example.com,Lake Matthewport
166,Kaylee Miller,shari04@example.com,East Tinafort
251,Paul Finley,greenmichael@example.org,Brandishire
10,Bryan Parker,fowlershelia@example.com,Parksport
331,Colleen Anderson,robert87@example.net,South Julie
356,Samantha Gill,starkdaniel@example.net,New Seanstad
158,Christina Herrera,nwilson@ example.net,West Melissa
123,Ann Dixon,jelliott@ExamPle.cOm,South Davidchester
30,Elizabeth Johnson,williamsmelvin@example.org,Lisaborough
124,Amy Shannon,kaylacannon@example.net,Johnsonchester
376,Jennifer Haney,qmiller@example.net,Westfurt
418,Scott Wilson,avilatiffany@example.com,Ricebury
44,Kimberly Patel,joshuapiNeda@example.Net,East Steven
249,Amanda Keller,,East Jamieville
424,Andrew Gonzales,tayloRvictoria@example.org,Port Michelle
273,Monique Flores,,Joelberg
65,Sheryl Buck,shelly68@example.com,Peterston
66,Jennifer Evans,melissaturner@example.net,Port Amanda
244,Joel Brown,paulscott@example.com,Faulknerside
282,Tammy Boone,adamsemily@example.net,New Jennyborough
85,Benjamin Ballard,kevin03@example.org,South Jason
366,Autumn Key,jherman@example.com,Rochaborough
338,Jamie Ferguson,zowens@example.net,Kylestad
345,Ryan Rocha,joycesmith@example.net,Lawrenceton
373,Lauren Butler,phudson@example.com,East Mark
311,Terri Morgan,yjackson@example.com,Levyfort
103,Nathan Freeman,duranrobert@example.net,New Arthurland
160,Michael Smith,ismith@example.net,Brooksfort
357,Alan Bowen,danieldavis@example.org,Andrechester
313,Manuel King,watsonrichard@example.net,Josephfurt
225,Michael Evans,sullivannicholas@example.com,Lake Victoriaton
265,Adam Jackson,jacobsonsamantha@example.org,Brucemouth
232,Sean Clay,rachel90@example.org,Nelsonland
62,Emily Ali,,Port Lori
364,Lacey Atkinson,masonterri@example.Org,Patrickberg
116,David Jones,walterskristen@example.com,Novakmouth
343,Henry Pugh MD,jennifermiller@example.org,Millerport
174,Richard Moore,smithkyle@example.com,Stewartville
11,Ashley Miller,fgarciaexample.com,Coleside
383,Linda Mueller,umAxwell@exampLE.net,Smithchester
355,Vanessa Armstrong,josephadams@example.org,Lake Oscar
462,Jeffrey Fisher,sheryl79@example.net,Pattonstad
401,Brian Torres,scott69@example.org,Cookfurt
31,Larry Dominguez,kelly79@example.org,Edwardsfurt
269,Douglas Hartman,,Danielshire
35,Alyssa Acosta,fuenteslaura@example.Com,South Lauren
382,Brenda Turner,mjones@example.com,Donnachester
170,Kimberly Mclean,rodriguezjohn@example.net,Stephensstad
266,Matthew Williams,grodriguez@example.com,Rasmussenmouth
122,Paul Grant,lbartOn@ExamplE.net,South Neil
441,Haley Johnson,guerrajessica@example.com,West Robertland
295,Jesse Clark,cbowen@example.com,Baileyville
110,Andrew Page,sarahyang@example.net,Port Matthewville
452,Christopher Castro,jacobsandoval@example.com,Hallfurt
492,Lucas Gonzalez,joshuapadilla@example.org,Priceborough
485,Rebecca Herrera,bakermichelle@example.net,Markmouth
422,Emily Price,megan92example.net,Matthewsstad
226,Elizabeth Mendez,kevinwhitE@examPle.net,Lake Dennisville
147,James Carlson,angelaburns@example.org,Hendersonfort
148,Ryan Harvey,jamescruz@example.net,Stephaniefort
478,Kathleen Cohen,kjackson@example.org,Mckinneymouth
63,Connie Johnson,,New Keith
201,Ashley Wilson,,Amberton
248,Martha Wright,hgrimes@examPle.org,South Joseland
207,Oscar Norris,lisatrujillo@example.net,Martinberg
105,Douglas Ryan,ashley81@example.org,Tiffanyport
49,Rachel Sellers,,Michelleberg
403,Megan Burns,yjones@example.org,Courtneyfurt
241,Paul Neal,brandi17@example.net,Shawnfort
169,Heather Brown,,Robinsonchester
453,Kenneth Knight,garciakristen@example.com,Kramerton
91,Timothy Moore,wendyblankenship@example.net,Smithchester
372,Shannon Mcdowell,elizabeth20@example.com,Lake Michaelland
106,Molly Fischer,lewischristian@example.net,Riosville
417,Michael Smith,,Lisachester
222,Ashley Edwards,caseyelliOtt@eXample.net,Derrickberg
411,Jessica Bowen,fheath@example.org,South Christina
476,Bryce Blair,johnnewman@example.org,Sylviamouth
451,Lindsay Lawson,,Port Melanieport
168,Matthew Bowers,victorwheeler@example.net,South Paul
308,Alexandria Ward,rdiaz@example.org,Davidshire
26,Tiffany Townsend,billbrown@example.com,New Carlosview
482,Lori Mason,davidsonamandaexample.org,Hendersonfurt
104,Eric Dixon,peter14@example.net,Port Eric
362,Troy Allen,chavezchelsea@Example.com,North Sandy
87,Mary Thompson,tylerreed@example.net,Lake Derricktown
470,Michelle Jackson,jessica10@example.com,Lake Kimberly
221,Denise Brown,porterasHley@exaMple.cOm,South Spencerstad
28,Raymond Shannon,trevinoalexander@example.org,East Joycetown
436,James Hernandez,marcbutler@example.net,New Lindachester
447,Roger Duncan,jeffreyblack@example.org,New Emilyton
242,Andrea Marshall,christopher70@example.com,Kiaraport
379,Justin Torres,xcuevas@example.Org,South Micheal
494,Kimberly Flynn,hallmichael@example.net,North Sarah
294,Tiffany Smith,harristoNya@example.com,Sweeneyport
438,Anthony Shea DDS,xhaynes@example.com,North Samanthahaven
386,Angela Davis,vargasbryan@example.net,Lake Lori
365,Cynthia Green,louis43@ example.org,Sarafurt
119,Brandy Carrillo,hedwards@Example.net,East Danielmouth
219,Randy Hayes,mooregina@example.net,Bakerville
20,Amanda Huff,randy04@example.com,Eddiebury
114,Carrie Crane,codygarcia@example.org,Hawkinsside
496,Antonio Norman,owatson@example.net,East James
227,Kevin Lowery,flamb@example.com,North Wendyborough
498,Tom Williams,rjohnson@example.com,Underwoodfurt
385,Daniel Lopez,mendezchristina@example.net,Seanberg
255,Jason Pierce,zgonzalez@ example.net,North Joshuaberg
267,Zachary Stephens,fstephens@ example.com,South Kimberlystad
423,Kathryn Price,anthonycochran@example.com,North Luis
193,William Moreno,josephvelasquez@example.net,East Craig
61,Zachary Robinson,joelsteWart@eXample.net,Kellyburgh
43,Suzanne Johnson,,Staceyshire
243,Casey Johnson,nsmith@example.org,East Carolyntown
125,Gina Thompson,kimmathis@example.com,Brianberg
458,Jacqueline Mcmahon,marcus26@example.net,Willismouth
319,Marie Thompson,nicholasgrossexample.com,Jeffreyshire
289,Nicholas Rush,whitelucas@example.net,Rosalesshire
340,Keith Zuniga,michaelflores@example.net,West Julie
197,Ann Fletcher,johnjones@example.com,Seanview
98,Michelle Williams,,Oconnorburgh
477,Ashley Mendoza,phillipslucas@example.org,East Shannon
100,Christopher Bennett,brooke97@example.net,New Shellyland
68,Tommy Martin,jamie36@example.net,Mooreville
421,Tammy Fernandez,longandrea@example.com,Kennethville
473,Isaac Patterson,collinclark@example.net,Madisonfort
213,Bradley Anthony,qjacobson@example.org,Kristenfort
179,Jasmine Watson,bakersteven@example.org,Woodmouth
258,Kristy Hernandez,larellano@example.org,North Elizabethside
461,Sara Cardenas,thomasmiller@example.net,Sheppardfort
392,Kenneth Black,kthompson@example.org,North Stacy
40,Beth Henderson,luis11@eXaMple.com,Harrisberg
285,Kristen Gates,jrodriguez@example.org,Starktown
76,Lauren Hanna,mikayla56example.com,North Annaville
56,John Lynch,vwilliamsexample.net,East Joshuaberg
15,Patrick Mccall,juan71@example.org,Andrewport
419,William Ramos,lopezjason@example.com,Josephchester
202,Olivia Camacho,jenna62@example.net,New Laceyland
191,Alyssa Lee,bryantsamantha@example.net,Port Brian
399,Jacob Marshall,allentracy@example.com,Reidville
388,Seth Matthews,mitchellpaul@example.org,Maxview
204,Penny Lewis,josephortiz@example.org,Lake Jeffrey
150,Tracy Fleming,waLkercHarlene@example.Com,Buckburgh
301,Michelle Hill,jeffery48@example.net,Yorkmouth
337,Brian Hunt,,Annaport
287,Margaret Hensley MD,racheltrujillo@example.net,Jacobhaven
297,Francisco Taylor,rebecca66@example.net,Lake Tylerport
239,Michael Armstrong,ginalittle@example.com,West Jessica
131,Megan Romero,kellyruiz@example.net,Port Diane
21,Robert Hines,walkerjeffrey@example.com,Lake Rachel
449,Stephen Watson,,Stevenville
18,Lisa Kennedy,amoreno@example.org,New David
318,Brittany Gay,tthoMas@exampLe.org,Robertshire
466,Katherine Welch,hayesjason@example.orG,West Cynthia
342,Brooke Glover,epatterson@example.com,East Christinachester
278,Joseph Cross,andrewsmith@example.net,West Katherinehaven
433,Michael Cooper,gary04@example.com,North Patrick
146,Joseph Warren,wendy75@example.org,Barronberg
209,Terry Burnett,jessicaLawrencE@example.org,East Jeffreyberg
467,Michael Conner,wheelerbrandon@example.org,Mcdowellview
270,Alicia Norris,thomas23@example.net,Wallaceville
281,Alexandra Fisher,grivas@example.net,Lake Abigailberg
407,Autumn Wilson,marie35@example.net,South Jamesborough
145,Christopher Kelley,jimmy01@example.org,Lake Sarah
134,Maureen Hernandez,daWn74@example.com,Port Williamville
180,Brett Thompson,grodgers@example.org,Port Kellymouth
67,Charles Holland,natalie15@example.com,Michaelmouth
450,James Rivers,zbanks@eXample.org,Maryfort
144,Michael Brown,rpham@example.com,North Robert
472,James Howard,hknApp@example.Com,Port Gabrielleberg
352,Arthur Pena,tiffanysaNtiago@exAmplE.com,Lake Mirandahaven
315,Melissa Montgomery,Rreed@exAmple.net,Stanleybury
254,Ryan Grant,kchristian@example.org,North Dawnburgh
77,Erica Rivera,ppowell@example.org,Brentbury
264,Robert West,bmcgee@example.org,Westville
489,Andrew Dunn,,Port Cassandraport
19,Anthony Walker,jennifer11@example.net,Riverafort
3,Glenn Gallegos,williamsfrank@example.org,Amystad
323,Natalie Ortiz,conradphilip@example.com,Cherylborough
325,Cheryl Morgan,bartonshannOn@exampLe.net,Williamsshire
133,Kathy Maynard,eroberson@example.nEt,New Jillside
199,Susan Holt,hugHescaroline@exampLe.com,Lake Lisa
292,Janice Petty,tara72@example.org,West Raymond
402,Michael Goodman,jennifer83@example.org,Meganside
262,Miguel Parks,williambensonexample.com,Lake Debra
234,Paige Hart,natalie60@example.net,Craigside
486,James Brown,frances20@example.net,East Josephburgh
268,Christina Weaver,,Lisaville
9,Rebecca Horton,smithJOhn@exaMple.net,South Paulmouth
245,Shannon Ramos,kari89@examPle.oRg,Lake Janet
32,Tracey Phillips,jillwilson@example.org,Lake Charles
159,Justin Anderson,billmcfarland@example.net,Adammouth
429,Timothy Gilbert,charles58@Example.org,Tracyshire
490,Kelly Hartman,odavis@example.org,South Amy
349,Erin Carter,caldwellsean@example.net,Barajastown
107,Lisa Haley,,Patrickville
70,Jose Townsend,lukemiller@example.org,Tuckerport
393,Tyler Medina,nhouston@exAMple.Net,Lake Cameronborough
39,Sherry Figueroa,,Lucasland
314,Anthony Bauer,ohughesexample.com,New Lorraineview
154,Alan Nunez,haynescharles@example.nEt,Lake Jenniferland
394,Richard Turner,qfoSter@exaMple.org,West Kathymouth
172,Joseph Taylor,susan24@example.net,Roblesside
324,Traci Camacho,davidsmith@example.net,Susantown
86,Joshua Miller,jason82@example.org,Lake Judith
354,Luis King,yorksarah@example.net,East Emilyshire
238,Joshua Roberts,wlynnexample.org,West Coreyshire
363,Cynthia Mitchell,christina49@example.org,East Louismouth
231,Holly Stewart,kristenjoseph@example.net,Jacksonmouth
156,Ryan Taylor,thoward@example.com,Nataliemouth
395,Casey Obrien,josemercado@example.org,Micheleberg
420,Stephanie Atkinson,rebeccaarnold@example.net,Port Bonniefurt
101,Kimberly Valdez,,West Philip
96,Jonathan Bates,,Port Willie
183,Tracy Fitzgerald,,Crosbyton
208,Andrew Clark,williamsdeborah@example.org,Paulmouth
263,Kelly Gallegos,,Bethshire
185,Sara Black,wgomEz@exampLe.com,Kaufmanbury
78,Stacy Smith,robertsonjuan@ example.org,South Gabriel
27,Jack Love,olsontimothy@example.org,Lake Jerrymouth
427,Maria Jenkins,dennishunt@example.net,North David
90,Christopher Nielsen,johnsjessica@example.com,Greeneshire
346,Claire Obrien,mariaburke@example.net,Dillonburgh
426,Catherine Keller,ecarlson@example.org,Garymouth
397,Carlos Smith,thomasmendez@example.org,Serranoville
247,Kim Goodwin,princekimberly@example.net,South Donnaside
443,Jason Golden,zbell@example.net,Perezfort
7,Sara Johnston,reneemiller@example.net,Andersonfort
12,Jennifer Lopez,brooksJamie@exAmple.com,New Alexandrahaven
128,Brian Simmons,ncunningham@example.com,Joseside
214,Jennifer Harris DDS,tkiNg@exampLe.net,Whiteside
335,Michael Fitzgerald,lewisrichard@example.com,Lake Jerryburgh
188,Lisa Cohen,morrowthomas@example.net,East Paultown
409,Austin Walker,hmendezexample.com,New Benjaminfurt
408,Linda Bautista,harrisdiane@exAmple.net,Lake Troy
341,Andrew Greene,,New Gavin
293,Donald Ross,mClaughlincasey@example.org,Sullivanborough
469,Molly Hansen,catherinelee@example.com,Michaelview
95,Debbie Russell,stacey84@example.nEt,New Charlesport
454,Laura Benson,susan77@example.neT,Hartbury
375,Karen Scott,laurengutierrez@example.com,Schultzbury
189,Alexandra Collier,charles27@example.cOm,West Christopher
305,Steven Adams,,South Jillian
94,Ruben Huff,moraemma@example.net,Ericville
5,Aaron Vincent DVM,kvillanueva@exampLe.com,Watsonmouth
161,William Moon IV,foxRodney@example.net,Port Barbara
38,Gregory Dalton,astewart@example.org,South Tiffany
371,Jamie Garcia,,Chloeview
181,Grace White,,Clarkstad
359,Veronica Parks,mchase@example.org,Lake Josephbury
121,Nancy Kennedy,KristEn44@example.net,East Robertberg
132,Amber Garcia,thomas17@examPle.net,North Jason
298,Isaac Castro,bellerin@example.net,Mauricechester
200,Kenneth Banks,emily77@example.org,Port Justin
51,Dustin Welch,robert99@example.com,Port Gary
304,Andrea Martin,jennifer96@example.com,West Logan
440,Priscilla Mcmillan,martinezjimmy@example.com,Gutierrezburgh
97,Mercedes Miller,,South Dakota
89,James Hubbard,penanicole@example.com,North Joseberg
171,Oscar Ramos,anthonyalvarado@example.com,East Alison
176,Julie Pitts,,Amyberg
327,Kristy Mills,lindaramos@example.com,Reginafort
142,Christopher Smith,wattstravis@example.com,West Justin
140,Ralph Yates,jacob86@example.com,Port Adrian
398,Miguel Brewer,hgarrett@example.net,Walkerland
178,Melinda Mitchell,derrickrodriguez@example.com,Robertland
155,Denise Dean,,West Andrew
218,Calvin Gonzales,arobinson@example.com,East Christophertown
370,Kathleen Watson,adamsphilip@example.net,West Christopherberg
152,Corey Skinner,paulproctor@example.org,Claytonville
228,Amanda Murray,tprice@example.com,New Elizabethborough
69,Nicholas Garner,michaelwilliams@example.net,West Timothyport
435,Brian Chen,,Alexisview
22,Melissa Barker,,West Kelli
279,Wayne Malone,martinezjesse@example.net,North Michaelberg
42,Nicole Trujillo,,Quinntown
224,Karina Kim,ashleystepheNs@eXamPle.com,Amyfort
163,Denise Guerra,qphIllips@exaMple.nEt,North Amanda
130,Aaron Little,kimberly35@example.net,Grosstown
212,Walter Fuentes,,New Felicia
246,Brent Hopkins,harristodd@example.org,Port Sharonburgh
229,Martin Price,brandon39@example.net,Foxshire
250,Timothy Clark,dowen@example.com,Hebertland
463,Teresa Perry,allison14@example.org,Lauraton
8,Toni Davis,aliciawright@example.net,New Paul
390,Kristin Grant,bpark@example.org,Port Daniellestad
290,Christopher Morales,umahoney@example.net,Dianeside
321,Erika Watson PhD,annalewis@example.net,Mckenziemouth
444,Dawn Nixon,birdcaitlin@ example.net,Moyertown
252,Steve Smith,ingramsherryexample.com,East Melissa
211,Kayla Duncan,eric45@example.Net,North Benjamin
164,David Evans,,Carrollborough
369,Steven Warner PhD,dmiller@example.com,New Dawnton
60,Robert Butler,,Port Kayleetown
480,Karl Murphy,,East Brent
216,Ann Reynolds,alvarezjulie@example.net,Hernandezmouth
93,Bradley Shaw,tonypearson@example.org,Port Dennis
416,Yolanda Warren,kmorris@example.org,North Joseph
404,Jason Diaz,carrillogary@example.com,West Melvin
334,Wanda Ramos,jamesbrooks@example.net,South Brady
75,Ashley Brown,alexander14example.com,Port Marissa
210,Gary Singh,ana92example.net,East Amy
316,Alicia Aguilar,kristinawilliamson@example.org,West Georgeport
73,Tony Jones,smithmichelle@example.net,Elizabethstad
54,William Romero,lopezvincent@example.com,West Toddside
157,Michelle Williams,andrewsutton@example.com,Matthewfurt
46,Cynthia Good,bzamora@example.net,Lisaview
384,Courtney Peterson,rmeyerexample.net,Sandovalland
165,Melissa Butler,shaNe23@example.net,South Tara
