id_venta,fecha,id_cliente,id_producto,cantidad
1,20/09/2025,419,29,1
2,2025-02-08 21:29:57,178,140,2
3,2025-05-10 08:28:15,303,24,4
4,2025-04-21 23:39:41,280,144,4
5,2025-10-25,338,57,8
6,10-03-2025,373,88,5
7,2025-12-21 09:37:51,320,89,10
8,2025-03-02 04:32:41,292,118,9
9,2025-07-03 10:40:27,166,21,9
10,2025-02-09 07:00:03,473,93,10
11,2025-04-19 10:32:10,309,170,4
12,08-02-2025,38,60,2
13,2025-02-08 22:10:40,318,69,2
14,2025-04-12 05:56:57,26,187,4
15,2025-09-24 07:59:45,276,164,9
16,2025-08-16 08:20:21,375,197,1
17,2025/04/20 09:44,90,81,7
18,2025-09-02 23:24:19,337,128,7
19,2025-11-21 20:26:19,493,36,4
20,2025-02-01 21:14:44,159,150,7
21,2025-11-20,286,36,9
22,"Oct 11, 2025",149,175,7
23,2025-06-03 04:10:14,336,142,1
24,2025-03-27 23:20:12,482,193,5
25,01-14-2026,25,112,3
26,2025-06-01 23:15:48,403,28,5
27,2025-03-04 05:52:54,412,40,6
28,2025-03-06 21:48:24,363,136,1
29,05/12/2025,53,29,6
30,2025-09-07 02:31:11,484,188,8
31,2025-11-20 04:40:28,308,197,3
32,2025-10-23 09:39:01,60,141,3
33,2025-08-13 19:38:06,197,109,4
34,2026-01-20 14:31:36,407,52,5
35,2025-06-17 18:50:39,204,96,8
36,2025/08/19 12:18,381,58,2
37,2025/11/28,415,182,1
38,2025-09-12 07:48:00,138,72,8
39,"Dec 10, 2025",325,147,10
40,2025-08-28 12:53:58,173,169,7
41,2025-10-14 23:47:29,170,187,1
42,2025-02-15 12:21:13,491,16,7
43,2025-04-23 06:55:31,434,64,4
44,2025-05-15 10:08:29,317,109,3
45,2025/02/28 20:02,440,20,8
46,2025-04-24 06:03:18,463,193,4
47,2025-03-07,492,55,7
48,2025-05-11 15:24:04,395,117,5
49,19/09/2025,402,143,8
50,"Jun 12, 2025",87,16,6
51,2025-06-14 02:55:00,396,15,9
52,2025-04-16 08:33:48,143,153,2
53,2025-05-07 21:04:40,164,146,4
54,2026-01-06 23:56:03,213,21,7
55,2025-09-23 07:26:12,222,81,5
56,09-09-2025,406,62,5
57,2025-04-02 16:41:08,444,19,1
58,10-23-2025,386,26,2
59,2025/03/30 10:22,143,63,6
60,2025-06-17 00:17:05,346,168,9
61,2026-01-26,242,77,2
62,09-20-2025,428,155,4
63,2025-08-21 23:05:36,22,14,2
64,2025-10-06 12:08:39,220,12,1
65,2025-12-03 16:05:12,15,68,3
66,09/11/2025,103,144,1
67,04-23-2025,255,142,3
68,2025-02-10 07:38:55,46,11,6
69,2025-05-25 20:23:05,449,27,6
70,2025-05-07 08:37:09,65,159,3
71,04-17-2025,165,46,7
72,2026/01/09,18,189,4
73,2025-12-15 16:45:32,266,57,4
74,2025-05-24 00:51:41,128,59,4
75,2025-09-26 02:31:39,44,85,5
76,2025-06-23 14:33:06,299,90,9
77,12-29-2025,375,138,6
78,2025-07-16 21:43:13,493,10,2
79,2025-05-06 22:04:17,292,81,7
80,"Apr 30, 2025",414,99,10
81,2025-08-22 13:15:39,104,176,4
82,2025-05-05 22:41:18,480,171,6
83,2025-08-31 18:27:49,94,32,5
84,2025-12-23 10:45:52,66,84,7
85,2025-06-24 06:20:10,332,108,7
86,2025-04-20 00:00:53,459,104,9
87,2026-01-29 22:05:16,237,111,10
88,2025-08-03 07:46:50,382,114,8
89,2025/03/04 23:59,208,189,3
90,16/02/2025,111,193,4
91,2025-03-11 16:34:52,295,157,2
92,2025-09-16 13:58:48,40,148,4
93,2025-11-15 03:52:50,291,38,1
94,03/07/2025,286,46,9
95,2025-02-22 20:20:59,151,119,9
96,2025-06-18 22:18:21,216,194,8
97,2026-01-28 19:56:50,178,130,7
98,11/08/2025,149,191,8
99,"Jan 19, 2026",363,134,8
100,10/12/2025,135,86,6
101,2025-02-03 15:06:17,352,55,2
102,"Oct 20, 2025",87,120,7
103,2025-10-05 20:57:36,60,179,1
104,2025-08-13 14:11:56,380,91,5
105,2025-05-07 19:53:02,416,108,9
106,"Sep 20, 2025",370,57,8
107,2025-03-11 17:01:01,433,104,3
108,2025-07-07 14:20:45,179,137,1
109,2025-07-14 23:24:06,131,7,2
110,01-13-2026,298,119,3
111,2025-12-15,39,98,5
112,2025-05-06,102,90,4
113,"Jul 31, 2025",88,6,10
114,2025/04/05 13:25,353,120,5
115,2025-12-29 03:56:08,363,42,5
116,2025-12-13 13:39:52,8,80,10
117,2025-05-18 21:33:27,489,51,2
118,2025-09-20 10:58:49,392,63,2
119,2025-09-09 01:29:43,319,31,10
120,2025-03-26 02:30:38,160,170,6
121,11-04-2025,81,4,7
122,2025-08-14 06:24:46,315,40,7
123,2025-11-10 22:25:28,73,167,5
124,2025-08-11 16:55:31,104,199,8
125,2025-01-30 11:44:05,402,152,5
126,"May 28, 2025",408,23,5
127,06/02/2025,432,8,8
128,04/01/2026,205,153,5
129,2025-12-16 17:20:02,147,143,4
130,"Nov 29, 2025",148,115,1
131,2025-05-22 20:09:04,385,95,8
132,2025-02-20 12:02:37,311,191,9
133,16/12/2025,355,70,5
134,"Jan 10, 2026",216,196,3
135,2025-03-02 10:18:13,39,135,10
136,2025-07-26 08:16:56,341,50,5
137,2025-02-24,459,4,9
138,2025-11-03 03:44:06,64,164,8
139,2025-11-05 17:25:46,114,73,8
140,2025/03/17,344,14,5
141,2025/07/22 05:31,40,176,1
142,2025-08-18 15:09:08,377,31,9
143,2025-05-06 19:01:34,96,159,4
144,2025-12-14 21:25:39,279,114,5
145,2025-07-03 02:11:34,306,146,10
146,2025-04-17,268,26,4
147,2025-08-14 14:52:25,4,41,1
148,10-23-2025,243,121,5
149,2025-04-13 22:45:27,270,60,5
150,2025-05-23 04:10:43,427,51,7
151,28/01/2026,388,39,5
152,09-24-2025,335,146,5
153,2025-07-08,207,139,8
154,2025/08/06 03:19,340,65,1
155,15/03/2025,154,173,5
156,2025-04-22 21:18:40,130,72,3
157,2025-06-02 17:06:45,247,126,2
158,2025-09-01 05:51:19,456,83,2
159,2025-04-23 14:34:48,134,127,5
160,2025-04-20 03:12:22,436,10,8
161,2025-02-24 18:44:09,6,30,7
162,2025-09-17 16:49:12,328,169,9
163,2025-04-23 22:40:09,471,133,6
164,26/12/2025,461,114,1
165,2025-12-09 01:03:03,67,125,2
166,2025-02-24 11:18:50,98,62,3
167,2025-04-26 08:10:51,447,105,2
168,2025-10-01 04:16:36,224,30,8
169,2025-04-18 18:31:38,339,128,5
170,2025-03-19 08:52:26,85,124,8
171,2026-01-06 21:49:21,99,99,4
172,2025-08-26 10:03:28,171,35,2
173,2025-07-21,38,107,6
174,2025-11-12 05:24:36,423,149,8
175,2025-11-20 20:05:40,485,89,6
176,2025-04-09 06:52:07,166,117,6
177,2025-03-06 08:30:13,34,147,7
178,2025-07-06 17:13:13,244,12,6
179,2025-07-03 23:44:21,397,98,7
180,2025-07-19 18:17:16,63,10,3
181,2025-10-23 03:37:49,329,26,8
182,2025-10-02 14:55:36,462,4,3
183,2026-01-24 17:05:37,157,40,2
184,2025-03-06 14:28:18,493,87,10
185,2025-06-25 13:50:08,161,85,9
186,2025-06-02,461,184,8
187,2025-12-10 15:48:01,261,59,2
188,04/30/2025,39,163,2
189,2025-04-09 13:03:04,263,15,5
190,2025-07-12 15:00:08,99,63,9
191,"Jul 02, 2025",183,47,3
192,2025-05-11 08:27:13,224,150,3
193,2025-05-01 00:20:31,203,118,5
194,01-01-2026,382,74,9
195,2025-07-10 16:37:58,210,109,5
196,2025/12/10 03:52,412,99,8
197,2025-08-18 23:57:55,450,76,1
198,2025-02-17 22:04:42,141,145,1
199,2026-01-29 22:06:09,341,74,4
200,01/12/2025,286,163,4
201,01/18/2026,399,11,5
202,2026/01/03 06:23,57,84,7
203,2025-12-05 09:21:21,207,70,3
204,2025-03-31 12:19:56,369,124,5
205,2025-07-26 08:12:51,170,20,3
206,2025-04-18 20:17:28,325,173,7
207,2025-06-25 09:37:43,96,102,1
208,2025-02-20 21:16:59,355,95,5
209,2025-06-17 08:30:47,15,96,2
210,2026-01-24,213,144,6
211,2025-05-06,450,78,7
212,2025-11-12 04:56:21,173,61,9
213,2025-07-15 15:15:35,277,172,9
214,"Jul 03, 2025",199,40,7
215,2026-01-14 07:54:37,205,9,6
216,2026-01-28 03:37:02,216,61,6
217,2025-08-20 02:12:16,83,140,6
218,2025-10-19 03:20:15,350,32,8
219,03-27-2025,202,164,10
220,18/05/2025,365,53,2
221,18/01/2026,354,38,10
222,08-29-2025,185,45,2
223,"Aug 15, 2025",6,5,3
224,2025-10-30 18:41:11,295,115,6
225,2025/02/19 22:23,383,129,4
226,2025-08-31 14:37:20,303,16,8
227,2025-08-01 02:40:32,434,126,8
228,2025/12/07 02:23,284,156,3
229,2025/03/28 19:19,59,98,10
230,2026-01-15 07:49:43,144,30,9
231,2025-02-28 12:20:24,140,59,7
232,2025-04-07 11:22:46,44,107,2
233,2025-09-04 05:33:26,21,66,6
234,2025-10-03,441,18,2
235,2025-04-25 21:21:09,41,143,1
236,2025-03-14 14:57:25,438,85,2
237,2025-12-20 01:52:23,21,193,7
238,2025-04-29 03:46:19,319,80,6
239,2025-09-03 08:09:52,464,40,8
240,2025-09-13 04:10:58,92,143,6
241,2025-07-02 20:25:26,114,58,7
242,2025-08-31 23:23:59,12,160,10
243,08-08-2025,98,169,5
244,2026-01-06 23:55:59,182,37,10
245,2025-04-14 03:20:26,186,190,1
246,2025-10-18 16:31:00,500,97,7
247,2025-04-27 20:39:55,277,80,6
248,2025-06-23 05:43:52,327,14,3
249,2025-10-02 09:54:25,288,173,2
250,2025-05-19 16:05:39,311,125,10
251,2025-05-25 04:08:38,500,194,9
252,2025-10-31 17:43:03,177,73,10
253,2025-02-25 14:23:27,33,12,4
254,2025-07-16 10:58:27,333,2,4
255,2026-01-29 10:32:18,394,36,5
256,2026/01/28 06:23,380,128,7
257,2025-02-25 02:37:27,341,172,6
258,2025-04-17 00:40:56,9,11,7
259,2025-05-06 15:37:47,389,81,10
260,2026-01-05,254,164,7
261,2025-12-17,480,159,8
262,2025-12-16 11:17:48,411,21,7
263,2025-06-13 02:46:51,468,86,3
264,2025-03-28 07:03:35,136,136,9
265,11-30-2025,257,90,3
266,2025-10-13 06:26:58,39,195,2
267,2025-09-10 20:31:29,392,127,8
268,2026-01-25 23:24:38,174,175,10
269,2025-09-25 05:29:46,258,83,6
270,2025-02-01 10:00:02,266,114,5
271,2025-11-24 11:18:05,260,130,2
272,2025-05-19,48,15,6
273,2025-09-29 01:29:36,269,149,9
274,2026-01-07 11:42:23,426,147,4
275,03/20/2025,207,39,1
276,2025-03-13 09:01:12,399,45,1
277,03-10-2025,232,135,9
278,2025-08-19 01:54:23,354,87,10
279,"May 09, 2025",388,86,2
280,07/09/2025,287,155,3
281,2025-10-18 04:41:41,337,179,7
282,2025-04-14 20:20:59,252,22,5
283,"Sep 18, 2025",183,85,3
284,2025-05-06 12:26:31,198,47,4
285,07-27-2025,422,50,4
286,2025-12-26 01:22:27,324,139,9
287,2025-12-04 04:46:16,97,197,10
288,2025-03-04 22:44:45,339,42,3
289,2025-07-03 01:35:26,52,185,8
290,2025-05-10 16:10:22,278,185,4
291,2025-01-31 08:31:11,349,192,8
292,2025-11-07 13:23:33,198,121,4
293,2025-09-19 10:15:32,20,113,8
294,2025-05-05 05:54:01,105,136,7
295,"Oct 27, 2025",27,155,3
296,19/08/2025,195,183,9
297,2025-07-05 08:05:02,361,112,2
298,2025/02/02 15:06,327,90,1
299,2025-02-26 01:01:34,82,96,4
300,12-18-2025,491,183,6
301,2025-12-25 16:19:59,408,36,8
302,17/08/2025,435,21,1
303,2025-11-30,451,109,2
304,"Aug 30, 2025",208,160,8
305,2025-03-25,91,148,4
306,2025-03-17 19:03:34,366,48,2
307,2025-05-22 18:28:16,302,135,9
308,2025-12-24 14:12:57,403,142,1
309,2025/11/16,259,163,7
310,2025-12-10 21:11:11,109,188,2
311,2025-12-24 12:49:36,456,35,1
312,2025-04-16 16:54:59,247,165,3
313,"May 01, 2025",452,162,3
314,2025-03-08 11:29:25,183,52,1
315,10/11/2025,91,102,9
316,12-18-2025,14,168,6
317,2025-06-27 06:48:06,62,99,6
318,2025-09-13 09:42:39,201,95,9
319,2025-03-27 15:40:40,199,109,2
320,2026-01-04 10:41:44,214,47,9
321,2025-12-11 11:09:33,413,84,5
322,2026-01-21 16:09:43,19,110,3
323,2025-11-21 22:23:09,120,187,6
324,2025-12-17 02:43:55,300,164,1
325,2025-02-08 05:49:29,273,94,9
326,25/10/2025,296,156,8
327,"May 31, 2025",331,146,1
328,2026-01-04 05:00:47,314,20,10
329,2025-11-18 09:05:17,418,81,5
330,2025-12-11 18:10:10,280,189,3
331,2025-11-21 09:31:51,224,144,2
332,"May 07, 2025",472,115,4
333,2025-11-13 16:12:21,446,116,3
334,2025-03-10 12:38:57,426,175,6
335,2025-12-14 10:55:15,436,139,5
336,2025-12-09 13:09:41,77,182,3
337,2025-04-21 08:37:09,236,52,3
338,2025-11-24 20:50:09,280,93,9
339,2025-07-17 22:16:49,427,142,3
340,2025-05-21 17:25:39,230,80,7
341,11-16-2025,172,105,10
342,2025-04-23 04:40:21,146,133,6
343,2025-02-07 06:37:30,231,142,10
344,2025-04-10 02:01:03,41,111,9
345,29/05/2025,106,40,5
346,2025/12/11 09:07,218,73,2
347,2026-01-17 18:17:53,68,137,2
348,2025-05-11 06:13:59,43,149,3
349,2025-09-21,3,155,6
350,2025/06/24 23:42,324,148,5
351,2026-01-23 10:32:47,201,161,9
352,2025-08-13,459,124,4
353,2026-01-07 07:25:41,85,124,8
354,2025-03-13 12:34:28,296,81,6
355,2026-01-19 18:44:59,41,195,6
356,05/04/2025,129,62,8
357,16/01/2026,60,99,10
358,2025-05-06 05:48:05,323,81,4
359,2025-03-10 11:14:01,91,120,8
360,2025-07-07 16:38:50,80,101,9
361,"Oct 22, 2025",500,150,6
362,2025-05-24,466,121,5
363,2025-09-08,199,94,7
364,2025-08-04 14:03:59,242,74,2
365,2025-06-19 22:41:29,154,141,5
366,2025-08-28 14:20:29,23,33,2
367,2025/05/02 05:15,223,143,6
368,2025-10-15 17:14:54,48,36,6
369,2025-01-30 05:05:21,36,156,9
370,2026-01-02 14:18:25,100,82,3
371,2025-08-14 12:14:49,268,77,10
372,2025-10-19,241,137,8
373,"Oct 27, 2025",366,150,5
374,2025-10-01,46,199,10
375,11/06/2025,40,185,10
376,2025-02-24 16:03:27,177,49,1
377,2025-09-29 14:56:28,24,106,4
378,2025-05-30 05:01:38,100,121,1
379,2025-05-24 19:07:55,438,84,8
380,2025-12-05 19:24:38,404,45,8
381,2025-10-19 22:12:43,55,174,5
382,05-19-2025,334,64,5
383,2025-05-22 11:32:35,407,181,8
384,2025/06/28 10:28,294,185,5
385,2025-06-25,12,89,3
386,2025/05/17 07:47,330,192,8
387,2025-03-17 22:24:58,135,36,2
388,02/07/2025,34,63,1
389,2026/01/08 05:00,19,121,2
390,10-04-2025,301,122,8
391,2025-12-25 23:44:58,22,197,2
392,2025-09-11 06:22:26,26,190,1
393,2025-05-19 14:27:14,469,46,1
394,2025/08/17 01:21,137,192,5
395,2025-01-30 23:20:58,499,73,8
396,2025-05-14,478,35,9
397,2025-07-05 00:30:46,388,66,3
398,"Aug 29, 2025",96,76,10
399,2025-09-25 06:43:39,175,103,2
400,18/07/2025,110,83,4
401,07/10/2025,405,78,10
402,2025-04-18 05:48:54,23,120,5
403,2025-07-21 04:16:29,105,181,5
404,24/12/2025,211,76,6
405,2025-11-16 19:59:49,197,96,7
406,2025-04-01 09:00:35,70,138,4
407,2025-03-01 16:15:56,125,21,9
408,2025/08/06 04:05,474,20,10
409,2025-09-18 11:56:47,482,39,3
410,2025-06-01 21:13:54,364,30,4
411,2025-11-24 02:01:32,152,131,8
412,"Oct 31, 2025",453,107,8
413,2025-10-02 00:06:35,497,102,5
414,2025-04-21 15:25:34,498,19,1
415,2025-04-12 02:30:46,113,139,1
416,07/02/2025,122,9,5
417,2025-04-29 13:55:32,399,108,6
418,2025-07-22 02:55:18,130,97,7
419,2025-12-06 23:47:40,239,139,3
420,2025-02-25 14:18:38,23,46,9
421,2025-06-30 00:49:39,199,58,1
422,2025-09-16 15:26:31,35,173,9
423,2025-04-10 16:46:15,214,59,4
424,2025-10-11 01:10:22,220,49,2
425,2025-07-29,338,158,1
426,2025-04-29 08:54:37,466,181,1
427,2025-09-26,249,113,4
428,2025-02-01 11:36:39,162,188,10
429,2025-10-31 08:37:31,86,173,6
430,2025-11-07 08:02:52,296,170,9
431,2025-03-09 21:32:30,300,16,9
432,2025-07-04 20:14:16,42,45,7
433,2025-04-04 19:05:42,46,89,7
434,2026-01-14 10:55:06,366,105,3
435,2025-08-07 08:46:24,107,138,8
436,2025-02-17 16:51:29,430,182,3
437,2025-04-30 20:17:24,438,106,7
438,2025-12-05 07:24:11,158,63,5
439,2025-07-15 03:21:59,413,116,6
440,2025-11-18 09:46:27,409,49,1
441,2025/09/30 02:38,340,155,1
442,2026-01-25 11:02:19,452,54,6
443,2025-09-04 04:16:16,72,55,4
444,2026-01-11 22:00:20,107,123,4
445,2025-12-21 11:42:34,418,62,9
446,2025-09-10 23:37:09,251,120,9
447,2025-10-19 18:06:19,74,93,9
448,2025-08-02 11:39:33,427,185,8
449,2025-11-29 01:39:52,277,81,7
450,2025/08/17 00:35,468,190,3
451,2025-12-23 08:22:29,339,51,6
452,2025-10-28 20:02:53,341,63,8
453,2025-07-22 17:47:24,467,87,5
454,05-04-2025,202,190,8
455,2025-04-30 23:22:03,147,48,9
456,2025-09-19 01:45:58,411,9,2
457,2025-11-05 02:28:28,282,36,4
458,2025-08-08 16:36:10,141,56,9
459,2025-09-15 17:35:34,473,164,10
460,2025-05-10 20:05:05,378,2,9
461,2025-02-27 19:30:20,378,136,5
462,2025-05-14,378,129,7
463,"May 09, 2025",213,135,5
464,2025-05-26,31,145,4
465,2025-08-15 14:45:20,393,9,2
466,21/03/2025,447,122,1
467,2025-04-24 03:28:19,399,85,10
468,2025-10-10 07:41:50,212,11,4
469,2025-10-14,145,146,8
470,2025-02-22 06:31:48,470,145,1
471,"Jun 27, 2025",240,5,4
472,2025-08-16 14:10:07,386,62,10
473,2025-06-30 05:05:43,362,85,7
474,2025-04-15 18:13:59,281,186,2
475,2025-07-02,431,14,2
476,12-26-2025,416,153,7
477,2025-08-31 13:40:07,29,92,9
478,2025-10-10 03:07:12,146,150,7
479,"Dec 08, 2025",57,64,2
480,2025-11-05,268,100,6
481,"Jun 17, 2025",39,70,2
482,2025-02-01 03:15:46,65,27,1
483,2025-06-07 11:48:43,111,153,10
484,2025-11-01 14:07:09,115,75,7
485,2025-12-07 20:49:27,133,144,4
486,01/13/2026,467,98,3
487,2025-07-01 10:54:49,225,71,7
488,2025-10-29 08:58:41,389,93,5
489,2025-08-17 07:07:10,63,153,10
490,2025-09-07 14:24:24,425,78,1
491,2025-04-20 16:01:40,213,98,6
492,2025-04-20 04:57:22,443,167,10
493,2025-07-08 17:26:24,289,178,4
494,2025-02-09 10:36:40,316,102,6
495,2025-06-01 08:49:35,76,126,10
496,2025-10-04 04:08:47,205,101,6
497,2025-06-26 06:33:03,88,152,9
498,2025-03-31 07:37:59,436,7,8
499,2025-07-19 14:53:47,47,178,2
500,17/03/2025,317,163,5
501,2025-09-14 17:26:54,446,115,10
502,02-08-2025,26,130,7
503,2025-06-22 03:58:55,243,164,2
504,2025-08-24 06:03:22,287,171,6
505,2025-02-08 12:04:23,259,145,7
506,2025/09/21 03:35,357,28,1
507,2025-03-20 16:13:49,281,148,4
508,2025-07-17,35,198,10
509,2025-02-17 05:09:29,246,22,2
510,2025-06-17 18:58:23,460,117,4
511,2025-04-17 16:28:23,295,25,8
512,2025-05-29 00:49:20,430,12,2
513,2025-11-03 08:52:50,388,28,3
514,2025-06-17 20:23:00,447,41,6
515,"Oct 31, 2025",269,60,7
516,2025-11-29 21:33:41,327,51,8
517,2025-05-02,13,181,4
518,2025-02-28,482,48,6
519,2025-02-06 21:44:06,451,164,6
520,2025-08-14 12:40:03,30,151,2
521,2026-01-29 10:49:46,401,159,3
522,06-06-2025,61,22,3
523,2025-09-24 15:13:39,186,131,7
524,2025-11-11 06:45:47,496,99,7
525,09-24-2025,104,178,3
526,2025-11-01 13:04:19,11,159,1
527,2026-01-11 13:58:44,422,35,4
528,2025-04-12 14:53:46,49,168,8
529,2025/02/06 17:47,85,182,8
530,2025-03-26 08:11:10,47,9,5
531,2025-03-17 20:35:40,455,200,8
532,2025-10-01,394,127,9
533,2025-08-23 16:04:10,192,139,1
534,2025-04-19 10:50:21,311,27,4
535,2025-10-12 12:41:28,217,116,5
536,2025/11/05 08:37,175,113,2
537,2025-04-01 06:02:35,477,162,7
538,2025-09-08 02:09:40,395,53,4
539,10-29-2025,308,72,10
540,2025-03-12 04:56:11,181,132,2
541,2025-11-25 10:05:49,420,106,1
542,01-17-2026,64,180,3
543,2025-03-10 05:10:34,278,101,8
544,2025-02-08 13:39:34,475,161,7
545,2025-05-23 14:40:02,76,197,2
546,2025-10-04 16:33:17,299,178,6
547,2026-01-14 03:23:28,437,149,1
548,2025-06-23 02:18:20,401,163,6
549,2025-10-17 07:42:47,418,56,7
550,2025-02-26 19:55:37,6,73,6
551,"Oct 09, 2025",365,125,6
552,2025-09-15 00:01:28,396,113,8
553,2025-03-08 23:39:56,160,52,3
554,2025-11-07 23:49:58,440,71,2
555,2025-12-06 01:53:07,358,96,3
556,2025-09-06 15:37:40,306,186,4
557,2025-03-15 07:46:13,472,25,1
558,2026-01-24 18:54:44,283,152,4
559,2025-11-11 04:23:26,141,3,6
560,"Jun 05, 2025",373,178,3
561,05/07/2025,195,81,6
562,2025-06-14 00:18:30,143,136,10
563,2025-08-02 07:45:25,52,113,6
564,2025-06-03 16:06:24,24,106,10
565,2025-12-06 04:29:02,175,26,3
566,2025-11-26 11:27:02,331,90,7
567,2025-03-09 09:02:07,381,71,2
568,2026-01-15 10:22:25,319,185,10
569,2025-09-18 07:28:48,407,7,5
570,2025-11-28 10:45:37,241,49,7
571,"Oct 15, 2025",395,62,8
572,2025/07/07 11:31,398,4,6
573,2025-10-24,326,196,8
574,2026/01/17 18:26,229,16,7
575,2025-05-08 19:34:31,249,22,9
576,2025-11-20 02:52:37,299,22,5
577,2025-08-14 11:53:47,439,40,9
578,2025-07-25 11:17:34,76,196,2
579,"Jul 07, 2025",292,62,1
580,23/10/2025,333,80,3
581,2025-05-07 18:49:53,93,89,9
582,12-06-2025,323,67,3
583,2025-11-29,152,8,6
584,2025-03-02 16:34:23,392,20,8
585,2025-12-17 06:04:33,333,128,10
586,2025-04-29 20:53:43,203,198,2
587,2025-07-18,414,59,9
588,2025-09-09 01:17:15,331,39,3
589,2025-06-17 08:10:27,224,183,7
590,2025-02-09 09:52:34,366,185,6
591,2025-12-06 18:16:43,20,96,2
592,2025-04-06 18:46:43,102,46,4
593,2025-04-17 16:56:00,416,103,2
594,2025-11-17 03:08:42,354,80,6
595,2025-06-03 10:36:59,141,95,4
596,2025-12-17 08:49:55,488,190,10
597,2025-10-12 19:53:58,61,127,4
598,2025/05/10 14:55,368,39,1
599,2025-02-02 00:03:11,89,3,6
600,11/01/2026,307,189,5
601,02/03/2025,46,37,5
602,2025-10-19 03:05:28,450,96,8
603,2025-07-27 02:43:28,49,35,7
604,11-02-2025,215,112,3
605,2025-10-09 11:34:48,408,189,6
606,2025-09-22 04:57:20,162,20,4
607,"Jul 28, 2025",267,28,3
608,2025-11-15 16:27:13,320,198,4
609,2025-03-04 05:44:18,493,31,2
610,04-20-2025,488,181,10
611,10-09-2025,54,92,7
612,2025-05-21 20:14:29,303,104,8
613,2025-08-30 03:42:37,377,25,8
614,2025-07-21 02:14:43,317,32,1
615,2025-08-11 14:35:05,468,34,4
616,2025-07-04 21:12:06,40,166,2
617,"Oct 29, 2025",130,20,1
618,2025-05-30 01:33:16,305,85,2
619,2025-10-13 15:46:14,288,44,10
620,2025-05-08 13:56:05,376,128,1
621,"May 01, 2025",326,91,4
622,"Mar 15, 2025",213,158,4
623,2025-04-10 04:59:47,175,72,7
624,2025-03-14 22:57:54,191,135,4
625,2025-08-13 13:04:29,470,5,7
626,2025-11-04 20:35:41,156,125,6
627,2025-04-07 00:56:56,158,70,3
628,2025-04-18 02:07:59,286,8,5
629,2025-07-25 21:15:44,122,136,6
630,2025-10-21 09:01:27,384,41,2
631,2026-01-21 07:59:18,127,137,1
632,2025/08/09 06:19,185,100,6
633,2025-05-13 12:48:15,320,152,1
634,2025-03-07 06:51:12,386,37,10
635,2025-04-10,426,127,9
636,2025/04/23 17:24,286,6,9
637,2025/04/05 02:10,19,46,6
638,2025-02-04 02:38:26,177,135,6
639,08-12-2025,164,170,7
640,2025-05-10 23:38:09,402,112,8
641,2026/01/20 12:59,315,144,10
642,2025-08-19,262,177,5
643,10-11-2025,30,198,10
644,2025-03-17 03:47:25,468,164,10
645,2025-12-12 08:39:54,186,85,2
646,2025-07-28 23:16:08,129,43,2
647,2025-12-14,499,115,1
648,2025-08-27 14:03:05,3,1,1
649,2025-07-20 17:57:09,338,43,7
650,2025-07-09 03:41:34,92,140,7
651,2025-04-07 05:55:19,101,148,4
652,2025-02-17 00:43:51,78,9,5
653,"Jan 08, 2026",93,27,2
654,2025-07-23 21:37:40,164,24,6
655,2025-11-26 15:42:14,155,124,1
656,06-25-2025,52,156,7
657,2025-02-26 09:39:28,180,142,9
658,2025-09-16 01:48:25,79,61,2
659,2025-02-18 01:59:04,436,126,3
660,2025-03-25 22:45:31,103,23,5
661,08-23-2025,88,25,1
662,2025-05-20 17:08:47,414,79,7
663,2026-01-27 23:22:10,239,68,2
664,2025-03-14,344,95,7
665,2025-11-05,167,69,10
666,2025-09-08 08:17:00,87,106,10
667,2025-11-14 15:14:30,454,100,9
668,2025-04-22 08:34:46,270,122,10
669,2025-08-08 18:16:51,413,102,1
670,"Jul 13, 2025",372,147,10
671,2025-07-10,46,55,4
672,2025-12-09,214,161,3
673,2026-01-26 18:55:16,447,84,5
674,2025-05-21 21:23:34,440,4,10
675,2025/09/13 05:26,338,29,7
676,2025-09-09 03:40:37,481,28,10
677,"Oct 27, 2025",200,138,6
678,2026-01-10 05:14:15,326,71,7
679,2025-04-15 01:24:43,146,178,7
680,2025-04-17 01:47:40,171,85,4
681,2025-09-28 00:44:11,246,69,6
682,2025-03-28 10:12:25,208,78,5
683,"Apr 03, 2025",181,179,2
684,"Feb 26, 2025",292,107,10
685,2025-01-30 13:36:49,9,125,9
686,2025-07-13 11:19:39,91,41,2
687,03/09/2025,424,35,9
688,05-16-2025,360,64,1
689,2025-04-24 14:27:08,214,119,9
690,2025-10-15 08:48:31,275,175,1
691,2025-10-13 17:16:44,243,115,3
692,2025-07-14 09:25:03,92,89,3
693,2025-10-07 00:59:57,281,24,5
694,2026-01-02 08:03:32,479,147,4
695,2025-11-13 23:43:24,278,53,5
696,2025-09-15 17:15:40,347,200,1
697,2025/09/28 00:18,388,45,10
698,2026-01-05 15:25:49,54,182,5
699,07-04-2025,161,90,8
700,2025-08-16 00:16:03,418,150,2
701,2025-09-23 23:34:08,131,96,9
702,12-27-2025,428,77,2
703,27/11/2025,74,168,5
704,2025-02-25 11:38:08,27,154,7
705,"Mar 31, 2025",323,7,8
706,2025-05-22 06:54:52,255,182,10
707,2025-10-30 23:14:25,264,57,9
708,2025-08-25 18:28:14,22,172,6
709,"May 15, 2025",233,169,9
710,2025-03-16 12:13:12,346,144,3
711,2025-10-08 11:10:50,468,91,4
712,2025-10-12 09:29:12,140,85,6
713,2026-01-09 01:57:15,35,31,8
714,2025-07-31 02:35:34,255,149,10
715,2025-07-29 13:53:46,37,129,2
716,2025-02-28 05:00:04,282,14,3
717,13/02/2025,460,105,10
718,"Jul 06, 2025",285,46,6
719,2025-05-27 17:49:29,455,148,3
720,2025-05-01 22:22:21,231,23,3
721,2025-03-04 17:22:53,160,104,7
722,2026-01-16 13:35:03,48,137,4
723,2025-12-01,178,83,9
724,2025/08/27 04:41,134,89,5
725,2026-01-12 10:35:19,214,12,5
726,2026-01-29 12:18:00,417,153,9
727,2025-10-02 17:50:48,270,35,6
728,08/05/2025,471,43,7
729,2025-02-13 13:20:49,49,44,2
730,2025/11/02 23:18,183,10,7
731,2025-07-20 23:47:44,14,170,2
732,2025-09-24 15:10:27,14,177,2
733,2025-12-30 17:16:20,275,141,5
734,2025-04-06 10:57:47,495,178,1
735,2025-08-31 09:49:46,481,170,9
736,2025-09-18 03:49:11,450,36,7
737,2025-07-28 04:09:03,473,31,5
738,2025-03-04 07:16:21,201,51,10
739,2025-06-06 13:01:53,408,134,4
740,2025-05-31 19:57:25,57,42,1
741,2025-10-01,410,177,8
742,2025-12-09 05:25:48,293,147,8
743,2025-05-30 03:41:16,231,131,2
744,2025-10-10,191,60,8
745,2025-05-15 11:23:07,112,75,6
746,2026-01-09 00:21:07,414,25,1
747,2025-11-22 11:57:58,131,166,3
748,2025-08-18 03:23:03,232,160,5
749,2025-07-15 14:35:30,460,47,2
750,2025-05-24 17:24:44,462,70,7
751,2025-05-27 04:49:28,204,43,2
752,2026-01-19 15:08:49,487,41,2
753,2025-06-26 06:35:58,485,146,8
754,2025-08-05 01:02:57,363,92,10
755,2026-01-25 17:35:18,171,187,3
756,09-27-2025,310,106,8
757,08-16-2025,411,197,10
758,2025-06-29 09:03:01,473,25,7
759,2025-04-08 05:24:44,131,174,7
760,2025-06-11 00:25:26,494,157,1
761,2025-11-02 18:03:10,396,130,8
762,09-15-2025,4,193,8
763,"Nov 03, 2025",191,97,7
764,"Apr 14, 2025",371,128,8
765,2025-08-18 20:17:04,424,106,1
766,2026-01-03 22:32:22,335,24,10
767,2025-07-08 07:31:52,398,131,9
768,2025-10-11 01:58:33,462,88,6
769,2025-03-15 20:23:40,189,117,6
770,20/01/2026,319,122,6
771,2025-09-09 19:00:17,76,75,9
772,"Apr 27, 2025",184,12,3
773,2025-03-28 07:50:57,471,31,7
774,2025-08-19 03:55:25,156,49,6
775,2025-08-19 04:29:10,309,163,10
776,"Mar 05, 2025",11,118,10
777,2026-01-27 17:34:58,242,111,10
778,2025-12-29 06:19:20,231,46,10
779,2025-07-17 23:56:22,194,27,7
780,2025-03-13 14:00:18,176,83,9
781,2025-11-29 09:57:40,98,178,4
782,2025/07/30 04:51,460,76,8
783,2025-10-18 11:25:44,430,180,9
784,08-03-2025,321,142,4
785,2025-05-09 18:20:46,283,182,3
786,2025-11-30 12:49:28,15,83,2
787,"Jan 22, 2026",255,147,7
788,2025-04-28 01:55:55,457,98,3
789,2025-08-19 10:26:07,88,69,3
790,2025-06-19 07:25:38,99,16,5
791,2026-01-01 03:43:52,217,92,8
792,2025-08-03 08:10:00,342,190,9
793,2025-12-16 18:36:07,438,100,4
794,2025-12-11 01:42:37,185,179,5
795,05-10-2025,158,107,6
796,2025-11-14 23:04:31,359,114,4
797,2025-06-30 19:54:05,388,95,10
798,2026-01-06 10:42:38,312,199,4
799,2025-08-03 06:19:39,209,20,3
800,11-25-2025,374,97,1
801,2025-05-13 16:58:42,203,2,6
802,2025-05-18 11:44:47,117,11,3
803,2025-09-01 10:57:52,354,161,10
804,2026-01-29 02:39:12,114,141,6
805,2025-07-27 06:41:40,271,135,4
806,2025-03-25 15:08:36,420,130,3
807,2025-08-14 08:03:12,424,24,6
808,2025/06/04 13:08,131,85,6
809,2025-08-19 04:10:36,214,193,1
810,2025-08-16,343,62,10
811,2025-07-15 09:20:31,163,30,7
812,2025-05-27 13:39:06,428,7,9
813,08/04/2025,241,115,8
814,2025-10-11,173,43,9
815,"Aug 26, 2025",139,176,7
816,2025-04-25 00:51:53,159,176,3
817,11-09-2025,329,10,2
818,2025-02-14 14:07:40,29,67,7
819,2025-10-28 00:36:53,273,111,6
820,2025-10-14 23:21:12,23,137,1
821,2025-11-22 01:39:25,113,194,10
822,06-19-2025,446,92,9
823,2025-09-29 14:23:08,463,113,7
824,"Nov 25, 2025",303,122,3
825,2026-01-22 10:51:06,57,163,3
826,2025-07-29 00:24:21,163,187,6
827,2025/02/12 01:31,379,37,2
828,2025/08/01 12:31,484,79,4
829,2025/09/02 04:10,421,65,4
830,2025-12-13 23:28:18,290,141,8
831,2025/12/15 09:07,253,172,2
832,2025-07-09,194,172,4
833,2025-08-09 11:07:45,11,85,10
834,2025-07-15 13:16:14,339,145,10
835,2025-10-20 00:10:33,334,110,3
836,2025-06-28 10:04:24,420,57,7
837,2025-09-25 17:28:28,151,174,6
838,2025-03-27 17:43:48,320,199,5
839,2025-07-20 02:59:04,187,166,10
840,2026-01-18,181,36,9
841,2025-06-02 21:11:09,94,130,1
842,2025-10-09 01:20:04,172,152,4
843,2025-09-24 23:48:29,470,139,8
844,2025-12-06 21:28:00,192,101,4
845,2025-12-07 18:14:43,253,35,8
846,2025-12-09 00:23:08,418,94,9
847,17/06/2025,94,158,3
848,"May 25, 2025",297,38,8
849,2025-10-19 18:51:20,162,11,4
850,2025-11-03 16:33:11,400,100,8
851,2025-12-14 03:45:29,112,167,6
852,2025-02-12 09:35:13,417,163,5
853,2025-02-23 23:47:58,219,45,7
854,17/09/2025,423,168,2
855,2026-01-01 17:33:11,200,89,8
856,2026-01-29,380,129,3
857,2025-10-29 13:11:17,36,48,3
858,2025-07-07 15:05:44,7,31,4
859,2025-03-06 17:25:59,3,30,8
860,18/09/2025,61,42,7
861,14/12/2025,40,132,1
862,2025-07-10 20:31:12,334,104,10
863,2025/10/10 03:07,89,185,5
864,2025/12/25 21:52,233,57,7
865,2025-02-15 06:06:23,297,131,5
866,"Nov 16, 2025",460,117,10
867,2025-05-17 15:17:03,274,134,9
868,2025-06-15 17:19:33,197,25,3
869,2025-03-24 18:19:32,319,10,9
870,2025-08-11 21:58:18,111,124,3
871,2025-08-24 19:00:25,328,199,7
872,"Nov 15, 2025",440,12,9
873,2025-04-02 03:33:27,193,190,10
874,2025/02/27 03:03,203,123,4
875,2025-12-13 21:02:37,254,191,1
876,09-13-2025,417,2,7
877,2025/04/27 09:14,103,167,10
878,2025-12-29 07:24:58,220,175,7
879,2025-03-23 06:30:25,395,143,8
880,2025-07-17 11:09:53,379,124,5
881,2025-05-02 05:01:36,354,181,7
882,2025-05-03 16:15:36,297,31,4
883,2025-02-02 07:48:29,216,42,2
884,2025-11-19 22:21:21,420,87,9
885,2025-12-24 14:10:00,352,14,3
886,2025-10-04 17:10:22,13,24,3
887,2025-03-28,225,23,2
888,2025-07-10 23:53:26,390,103,10
889,2025-06-05 06:22:53,77,153,1
890,2025-09-01 23:54:59,232,3,4
891,2025-09-20 01:13:25,106,74,4
892,2025-07-03,169,133,4
893,2025-05-01 10:02:47,165,41,2
894,2025-12-04 14:45:43,260,172,7
895,2025-04-12 03:16:58,106,4,2
896,2025-06-19 12:40:25,133,144,10
897,2025-07-25 22:04:37,443,71,4
898,"Apr 26, 2025",355,104,10
899,2025-08-26 04:15:36,105,76,6
900,"Aug 27, 2025",404,66,9
901,2026-01-27 16:42:22,324,63,6
902,2025-05-17,370,151,1
903,2026-01-21 11:29:43,286,174,4
904,2025-09-27 00:21:14,260,133,9
905,2025-05-10 03:23:10,442,64,5
906,2025-08-24 20:11:26,429,88,2
907,2025-10-07 07:57:27,295,81,6
908,2025-10-28 18:10:04,475,47,4
909,16/02/2025,206,189,4
910,2025-09-08 04:21:52,153,40,2
911,2025/07/30 22:20,278,170,8
912,2025-12-26 17:55:32,272,159,6
913,2025/05/14 17:52,176,148,5
914,2025-11-17 19:08:29,227,33,1
915,2025-09-08 18:17:40,110,139,1
916,2025-06-07 16:38:45,359,176,3
917,2025-09-19 11:29:33,67,133,8
918,2025-09-13 13:48:52,115,173,4
919,10-04-2025,59,93,10
920,2025-10-20 06:41:45,100,88,6
921,2025-09-27 13:17:31,237,108,6
922,2025/12/01 20:48,205,116,3
923,2025-09-16 20:13:09,323,70,4
924,2025-12-25 05:26:41,10,51,3
925,2025/09/22 18:11,141,46,7
926,2025-05-22 20:28:00,226,77,5
927,07-09-2025,14,102,2
928,2025-08-29 09:27:28,11,191,6
929,2025-10-24,294,143,5
930,2025-03-03 20:58:03,197,51,10
931,2025-05-17 12:55:44,104,45,5
932,2025-10-29 02:51:17,169,125,8
933,2025-04-04 06:06:04,71,119,3
934,2025-03-19 22:59:02,8,87,7
935,2025-08-14 05:53:53,273,19,2
936,2026-01-19 09:44:18,406,82,5
937,2025-08-11 13:13:20,376,70,8
938,2025-12-29,417,116,7
939,2025-11-29,336,191,2
940,2025-05-03 00:57:35,441,141,1
941,27/11/2025,411,196,2
942,2025-07-24 09:00:26,123,80,4
943,2025-11-20 04:46:46,364,161,3
944,2025-10-29 12:59:31,233,8,1
945,2025-06-02 19:40:55,59,122,8
946,2025/03/13 19:38,28,114,3
947,2026-01-16 19:03:30,89,145,7
948,2025-03-22 17:32:11,26,80,6
949,2026-01-17 11:12:32,90,23,8
950,09/12/2025,74,40,5
951,"Oct 21, 2025",141,177,8
952,2026/01/22 13:36,263,2,9
953,2026-01-18,489,189,7
954,2025-11-19 10:21:53,154,157,5
955,2025-06-12 06:50:41,308,69,7
956,2025-11-14 04:01:04,108,35,5
957,2025-02-04 22:40:25,473,116,5
958,2025-08-13 01:48:25,284,5,3
959,"Jul 14, 2025",497,48,2
960,2025-10-02 07:54:27,24,4,8
961,2025-10-02 16:52:56,196,128,6
962,"Aug 31, 2025",217,85,2
963,26/11/2025,332,65,7
964,2026-01-08 07:15:06,381,189,1
965,2025-03-10 07:35:21,324,25,9
966,2025-04-25 05:46:29,146,80,6
967,"Feb 08, 2025",120,191,9
968,"Dec 18, 2025",140,14,4
969,2025-08-22 14:24:39,220,150,2
970,2025-12-30 17:18:14,141,11,10
971,2025-04-20,117,96,2
972,2025-02-22 02:10:34,157,195,1
973,26/11/2025,339,180,9
974,2025-12-27 15:58:23,399,194,6
975,2025-05-20 13:02:25,347,177,7
976,2025-06-28 15:55:44,336,11,8
977,2025-03-22 06:54:34,87,179,8
978,2026/01/10 17:03,470,90,6
979,05-21-2025,143,136,3
980,2025-07-28 13:48:01,238,164,9
981,2025-03-06 13:15:20,327,5,10
982,2025-12-19 23:58:03,34,83,2
983,2025-03-20 19:04:50,12,100,4
984,"Jul 14, 2025",394,142,3
985,2025-10-01 01:35:37,222,169,2
986,28/10/2025,41,46,1
987,2026-01-10 19:08:40,469,100,8
988,2025-07-01,61,66,1
989,2025-10-27 17:02:29,337,126,2
990,2025-03-27 15:08:39,215,93,9
991,2025-06-30,208,182,1
992,07/03/2025,389,56,9
993,2025-07-27 20:45:14,476,169,4
994,2025-06-27 15:06:59,190,143,9
995,2026-01-12 13:01:58,394,164,10
996,10/02/2025,144,171,7
997,2025-06-14 21:50:32,287,41,9
998,2025-07-10 11:49:13,260,81,9
999,2026-01-11 11:46:35,282,196,7
1000,2025-12-08 13:39:20,386,140,4
1001,2025-03-07 13:06:27,463,191,5
1002,2025-10-07 01:15:43,174,102,1
1003,2025-08-16 04:55:05,125,5,9
1004,01-21-2026,459,2,5
1005,2025-06-09 18:36:53,407,71,9
1006,06-24-2025,463,147,3
1007,04-09-2025,398,150,4
1008,2025-03-15 11:49:18,130,56,2
1009,2025-12-05 03:28:19,326,125,10
1010,2025-07-14,430,10,10
1011,2025-09-28 04:23:19,171,112,7
1012,2025-09-21 00:24:58,29,192,10
1013,2025-09-04 11:05:48,285,98,1
1014,2025-02-06 05:26:45,129,139,10
1015,2025-11-13 01:50:21,67,57,3
1016,2025-04-28 20:56:39,124,115,10
1017,03-16-2025,468,111,5
1018,2025/08/24 09:33,288,141,7
1019,"Feb 24, 2025",314,35,8
1020,11-05-2025,421,189,9
1021,2025-04-15 04:05:49,250,148,2
1022,2025-04-18 06:56:07,373,94,6
1023,12-13-2025,243,168,1
1024,29/05/2025,364,160,3
1025,2025-03-24 04:05:28,70,187,2
1026,2025-12-24,291,159,3
1027,2025/01/31 07:42,329,54,9
1028,2025-12-09 00:40:10,179,187,3
1029,2025-03-23,435,170,9
1030,2025-03-18 16:55:43,473,70,1
1031,2025-05-01 09:52:41,141,18,7
1032,"Apr 03, 2025",224,169,6
1033,2025-09-28 17:38:45,254,26,6
1034,2025-02-08 07:14:26,308,23,3
1035,2025/02/04 01:26,401,144,1
1036,2025-11-14 12:37:33,32,41,1
1037,2025-04-26 08:35:59,55,161,5
1038,"May 28, 2025",207,71,1
1039,"Apr 03, 2025",303,143,5
1040,2025-02-18 22:46:28,10,134,10
1041,2025-10-27 05:33:41,366,62,10
1042,2025-08-10 16:21:13,196,155,6
1043,2025-10-29 21:09:16,495,168,3
1044,2025-07-22 11:15:01,78,52,3
1045,2025-11-09 15:39:29,152,135,3
1046,2025-08-05 23:53:33,165,198,3
1047,2025-03-10 02:28:08,130,41,6
1048,2025-08-01 06:42:14,480,185,2
1049,2026-01-10 11:36:11,171,38,1
1050,2025-02-14 16:07:45,282,106,5
1051,2025-11-11 05:31:57,128,164,5
1052,2025-12-12 00:57:13,184,34,3
1053,2025-08-08 22:02:57,100,158,5
1054,2025-07-16 08:24:26,483,153,4
1055,2026-01-16 04:52:55,320,21,8
1056,2025-02-21 06:41:54,340,121,6
1057,2025-07-23,148,122,3
1058,2025-06-25 08:06:10,250,70,7
1059,"Oct 07, 2025",274,194,4
1060,2025-07-27 15:34:00,59,118,4
1061,2025-12-28 11:23:32,120,156,7
1062,2025-02-25 21:37:11,252,191,10
1063,"Feb 28, 2025",202,181,1
1064,2025-09-09 14:24:13,368,133,9
1065,2025-02-22 18:47:29,112,143,7
1066,2025-05-10 10:36:05,210,13,4
1067,09/18/2025,327,78,5
1068,2025-08-18 23:31:25,372,37,8
1069,2025-05-28 06:32:42,323,129,2
1070,2026-01-28 04:55:34,252,179,9
1071,2025-08-11 06:30:45,6,116,1
1072,07-14-2025,370,183,4
1073,"Sep 07, 2025",263,42,2
1074,2025-03-07 22:17:05,315,99,9
1075,2025-10-13 01:35:54,166,141,7
1076,07/12/2025,224,86,10
1077,24/09/2025,338,79,5
1078,"Nov 06, 2025",274,1,10
1079,"Oct 20, 2025",13,156,8
1080,2025-04-18 08:54:35,319,154,1
1081,13/07/2025,299,159,9
1082,2025-04-23,99,9,10
1083,2025-06-02 22:14:56,190,42,5
1084,"Jul 14, 2025",450,153,10
1085,2025-06-30 11:45:12,16,24,5
1086,"Mar 05, 2025",251,18,7
1087,2025-07-04 15:03:52,300,85,9
1088,2025/09/29 02:07,180,54,10
1089,2025-06-15 15:32:54,281,155,5
1090,2025-03-26 20:56:25,271,67,9
1091,2026-01-01 20:29:05,55,34,10
1092,2025-02-23 17:55:53,292,162,8
1093,2025-11-29 10:34:34,327,157,4
1094,2025-03-05 16:55:33,328,31,1
1095,2025-03-06 22:24:09,23,189,4
1096,2025-10-26 12:43:49,282,12,6
1097,11/22/2025,15,55,1
1098,2025-08-21 11:47:37,430,130,9
1099,2025-09-01 12:25:42,136,176,6
1100,08-22-2025,219,158,1
1101,"May 30, 2025",441,10,3
1102,2025-03-15 02:02:22,499,119,7
1103,2025-06-08 20:12:48,430,145,6
1104,29/09/2025,410,148,6
1105,2025-10-30 06:02:33,307,161,9
1106,2025-12-12 04:15:15,123,48,10
1107,2025-10-20,490,79,6
1108,2026-01-18 19:07:05,383,78,4
1109,2025-09-06 07:21:29,310,96,1
1110,2025-06-07 17:34:23,116,130,1
1111,2025-08-28 17:36:09,339,49,6
1112,2025-04-17 05:13:01,411,80,6
1113,2025-09-26 07:28:14,491,133,3
1114,2025-04-21,31,100,9
1115,03-10-2025,175,86,8
1116,12-04-2025,419,54,6
1117,2025-06-13,318,31,5
1118,2025-11-04 19:45:10,91,27,4
1119,2025-08-27 10:18:48,129,70,3
1120,2025-11-20 22:19:41,233,19,5
1121,2025/12/04,362,114,1
1122,2026-01-20 21:42:14,103,101,3
1123,2025-11-24 22:26:21,40,177,8
1124,2025-09-10 02:51:35,456,51,9
1125,"Sep 21, 2025",107,196,8
1126,08/02/2025,191,182,8
1127,2026-01-04 06:40:32,235,94,7
1128,2025-11-28 16:30:12,21,85,6
1129,2025-05-07 12:47:44,230,122,2
1130,2025-04-05 12:41:33,305,44,5
1131,2025-10-13 14:46:14,194,131,2
1132,2025-05-22 20:14:55,263,28,6
1133,2025-06-03 16:47:00,183,78,9
1134,2025-02-01 08:52:21,282,62,10
1135,2025-12-13 02:24:18,384,124,7
1136,2025-08-24 15:41:51,247,178,10
1137,2025-06-25 19:49:32,225,146,6
1138,2025-03-22 20:54:20,326,170,2
1139,2025-09-18 16:51:14,136,152,10
1140,2025-02-10 11:12:54,173,114,3
1141,2025-10-29 21:42:52,143,154,2
1142,2025-04-18 23:29:00,251,84,8
1143,2025-07-02 21:08:42,80,56,3
1144,2025-06-03 05:25:58,56,1,3
1145,2025-06-14 21:02:30,47,100,10
1146,2025-10-20 10:54:46,495,175,6
1147,2025-11-09 15:49:40,224,174,5
1148,2025/08/25 21:12,163,89,2
1149,2025-03-02 19:59:03,25,16,6
1150,02-18-2025,328,181,9
1151,2025-03-28 22:45:48,144,152,7
1152,2025-09-12 15:50:41,10,104,7
1153,"Oct 02, 2025",131,45,8
1154,2025-05-09,366,40,5
1155,"Sep 28, 2025",142,125,7
1156,2025/07/26 22:41,180,155,7
1157,2025-07-10 06:45:52,331,91,4
1158,2025-05-09 08:37:11,380,148,8
1159,2025-11-01 20:59:03,475,106,9
1160,"Mar 12, 2025",48,146,8
1161,2025-07-05 10:10:24,292,188,9
1162,2025-05-13,413,134,10
1163,2025-10-04 01:55:17,498,80,10
1164,2025-07-26 17:04:15,26,200,1
1165,2025-09-30 12:04:12,435,121,10
1166,2025/02/15 06:05,75,76,5
1167,2025-06-23 22:54:43,386,67,1
1168,2025-09-05 23:53:45,455,147,1
1169,2025/02/01,426,189,10
1170,2025-05-20 04:49:32,395,72,5
1171,2025-04-17 04:03:41,300,66,1
1172,2025-03-21 23:59:56,279,152,3
1173,2025-05-03 08:35:58,346,45,5
1174,2025-05-29 12:28:57,78,136,1
1175,2025-02-01 05:36:44,54,38,10
1176,2025-10-29 08:39:48,349,106,7
1177,2025-04-04 07:40:37,133,164,3
1178,2025-06-17,375,89,1
1179,"Oct 13, 2025",295,78,8
1180,2025-07-31 10:30:52,51,112,1
1181,2025-11-30 19:18:21,174,98,6
1182,2025-11-20 23:12:28,120,25,9
1183,2025-02-25 23:44:27,189,111,10
1184,2025/12/10 03:34,499,70,5
1185,2025-02-14 07:05:49,429,62,10
1186,2025-02-05 11:24:20,278,177,3
1187,2026-01-01 00:26:07,466,3,2
1188,12/10/2025,411,27,8
1189,2025-08-28 21:37:54,213,24,1
1190,2025-08-27,293,56,10
1191,2025-10-15 06:43:37,307,169,10
1192,2025-07-01 10:43:29,180,48,5
1193,2025-03-13 10:03:46,444,20,8
1194,2025/02/06,145,171,6
1195,2025-05-28 09:24:07,158,86,1
1196,2025-11-18 02:31:36,493,46,8
1197,"Sep 12, 2025",8,52,10
1198,"Nov 29, 2025",357,56,10
1199,2025-12-31 09:07:26,446,19,10
1200,2025-03-03 23:46:12,53,128,3
1201,12-04-2025,290,10,7
1202,2025-04-28 17:24:30,91,182,8
1203,"Sep 01, 2025",189,187,2
1204,2025-08-09 19:29:23,492,32,10
1205,2025-06-23,320,86,5
1206,2025-05-23 10:33:25,81,21,8
1207,2025-06-02 13:59:13,84,142,1
1208,2025-05-31 03:53:14,430,179,7
1209,2025-04-01 23:02:21,320,125,2
1210,2025/08/04 07:01,350,36,1
1211,2025-03-12 18:11:34,183,139,5
1212,2025-08-04 01:20:55,293,116,1
1213,2025/12/26 14:45,432,185,1
1214,2025-06-06,440,138,3
1215,22/10/2025,301,5,8
1216,2025-11-24 16:36:33,435,79,2
1217,2025/11/23 03:52,293,152,2
1218,2025-04-26 12:16:56,427,52,7
1219,2025/03/24 11:48,486,174,7
1220,2025-04-12,316,55,1
1221,06/09/2025,85,44,6
1222,2025-11-03 13:41:40,481,162,10
1223,2025-09-26,378,125,2
1224,04-04-2025,387,107,8
1225,2025-11-08 01:22:11,252,45,10
1226,2025-07-29 03:12:17,19,128,10
1227,01/11/2025,156,78,6
1228,2025-11-03 19:39:02,391,159,6
1229,2025-07-12,35,198,4
1230,2026-01-02,54,122,8
1231,2025-08-24 12:10:16,237,112,5
1232,2025-09-18,398,195,8
1233,14/09/2025,420,8,8
1234,2025/12/11,59,108,4
1235,2025-09-15 13:40:21,486,106,4
1236,"Mar 26, 2025",446,121,10
1237,23/02/2025,355,46,7
1238,2025-07-10 01:10:06,274,86,3
1239,2025-05-20 04:02:43,487,72,3
1240,05-10-2025,401,108,3
1241,2025-02-19 21:02:55,15,157,3
1242,2025-08-03 14:59:21,38,59,2
1243,2025-05-23 17:14:21,147,56,10
1244,"Jul 13, 2025",299,4,7
1245,2025-02-19 00:11:05,61,39,10
1246,2025/11/29 18:21,259,11,8
1247,2025/02/27 18:01,180,26,8
1248,2025-12-11,65,56,3
1249,2025-12-08 20:46:00,445,181,8
1250,2025-09-11 05:02:49,457,117,8
1251,2025-08-03 22:49:17,273,48,6
1252,2025-07-17 14:00:46,76,1,2
1253,2025-08-20 10:47:54,456,136,1
1254,2025-11-15 19:44:58,276,179,10
1255,2025-12-22 22:35:24,410,176,2
1256,2025-07-13 13:15:08,234,15,9
1257,2025-11-21 16:56:34,177,99,6
1258,2025-09-24 23:35:57,192,94,3
1259,2025-05-27 05:02:21,302,144,4
1260,2025-07-22 23:37:50,34,139,2
1261,2025-03-26 07:38:18,252,193,10
1262,2025-02-21 12:50:30,39,58,6
1263,03-08-2025,105,175,7
1264,2025-12-24 19:21:57,476,32,8
1265,2025-06-04 22:36:29,308,75,8
1266,2025-10-17 06:51:27,466,178,2
1267,2025-08-02 14:13:27,401,23,2
1268,02/04/2025,261,20,2
1269,2025-04-30 10:40:26,417,161,1
1270,2025-07-08 17:15:15,209,139,3
1271,2025-07-09,116,189,1
1272,2025-08-08 14:59:21,480,134,6
1273,2025-03-28 17:42:00,337,166,6
1274,2025-06-15 16:12:40,180,136,9
1275,2025-05-13 06:15:09,119,34,5
1276,2025-06-28 10:29:27,29,124,6
1277,2025-06-02 10:21:14,14,38,6
1278,05/09/2025,448,159,3
1279,11-14-2025,449,40,3
1280,2025-09-23 20:28:46,277,48,4
1281,2025-02-23 05:23:11,21,82,6
1282,2025-03-05,362,42,9
1283,2025/10/04 05:40,99,118,6
1284,2025-05-13 10:33:08,352,76,8
1285,2025-10-21 20:34:46,107,147,3
1286,2025-09-26 04:05:21,229,114,6
1287,2025-12-26,152,11,3
1288,14/12/2025,343,92,2
1289,2025/05/31 07:07,444,197,5
1290,08-30-2025,334,23,9
1291,"Mar 22, 2025",333,171,6
1292,2025-06-06 11:13:01,387,89,6
1293,2026-01-18 07:51:11,440,144,2
1294,"Oct 11, 2025",116,190,7
1295,06-22-2025,293,151,10
1296,"Sep 04, 2025",499,17,10
1297,2026-01-07 20:40:37,187,143,8
1298,"May 22, 2025",322,52,3
1299,2025-06-16 17:59:22,293,150,5
1300,11-14-2025,35,58,1
1301,22/11/2025,122,32,5
1302,2025-10-01 13:10:16,478,18,10
1303,2025-11-28 22:51:52,365,112,5
1304,2025-10-26 13:35:16,384,178,2
1305,2025-10-07 05:55:44,496,5,5
1306,2025-08-10 04:55:59,99,82,8
1307,2025-09-22 15:16:26,367,70,6
1308,2025-07-03,404,92,1
1309,2025-06-11 21:48:00,108,196,2
1310,06-11-2025,470,83,6
1311,2025-04-05 04:59:10,214,37,1
1312,2025-04-18 15:00:00,272,200,8
1313,10/01/2026,42,42,2
1314,2025-07-26 19:22:22,294,158,9
1315,2025-04-22 15:11:42,144,194,2
1316,2025-03-21 00:37:57,389,30,3
1317,2025-02-27 05:03:40,196,177,6
1318,12-04-2025,398,153,9
1319,2025-03-07 08:14:57,468,33,3
1320,2025-11-07 15:28:00,237,34,2
1321,2025-11-30 00:41:04,395,29,2
1322,2025/12/18 07:08,70,111,1
1323,2025-02-12 02:24:43,279,65,1
1324,2025-06-01 04:30:25,126,194,2
1325,2025-11-05 06:43:39,495,151,4
1326,2025-03-18 10:05:56,45,24,3
1327,2025-06-16 18:13:39,257,91,3
1328,2025/03/30 20:45,100,62,9
1329,2025-11-29 06:15:14,489,50,5
1330,2025-11-07 07:47:31,104,2,2
1331,2025-11-21 13:20:33,5,182,8
1332,2025-03-31 06:35:04,344,113,2
1333,2025-07-08,251,109,4
1334,2025-06-28 04:56:54,382,29,9
1335,2025-10-03 20:17:04,400,181,5
1336,2025-04-26 04:12:47,358,84,8
1337,"Jul 11, 2025",462,154,5
1338,"May 13, 2025",471,18,8
1339,"Oct 30, 2025",222,169,2
1340,2025-07-12 13:14:32,9,44,2
1341,"Aug 12, 2025",223,52,10
1342,"May 22, 2025",264,197,10
1343,"Nov 21, 2025",216,104,8
1344,2025-07-20,201,60,3
1345,2025-11-30 22:00:44,280,46,7
1346,2025-06-13,339,78,10
1347,2026-01-10 10:41:17,478,120,4
1348,2026-01-24 19:44:58,148,130,5
1349,2025-07-17 00:38:36,359,139,9
1350,2025-05-12 13:58:03,217,111,2
1351,18/06/2025,161,97,8
1352,2025-08-10 17:53:39,488,181,3
1353,2026-01-17 17:44:51,196,184,7
1354,2025-11-24 20:09:45,219,173,8
1355,2025-11-18 20:28:15,20,121,8
1356,2025-03-21 09:35:23,403,15,7
1357,2025-05-01 12:50:37,46,97,10
1358,2025-09-21 01:01:29,387,83,1
1359,12-15-2025,194,94,6
1360,2025-08-20 02:03:18,153,106,6
1361,2025-03-08,381,61,5
1362,"Dec 04, 2025",455,6,9
1363,12-06-2025,127,6,8
1364,2025-05-14 03:38:34,114,26,8
1365,2025-11-04 18:18:18,495,87,8
1366,"May 09, 2025",449,87,3
1367,2025-12-26,384,20,9
1368,2025-03-24 03:20:53,427,58,10
1369,2025/07/08 12:15,498,25,10
1370,2026-01-10 23:43:18,237,89,2
1371,2025-04-21 19:39:32,49,77,7
1372,2025-07-13 22:45:15,85,103,5
1373,2025-06-06 06:34:31,318,196,9
1374,2025-02-08 06:47:30,392,181,9
1375,2025-02-18 09:45:18,139,170,8
1376,2025-08-01 20:36:42,308,158,7
1377,2025-04-26 13:15:46,487,134,4
1378,2026-01-28 15:51:07,109,39,5
1379,06-15-2025,359,17,4
1380,09/02/2025,319,61,7
1381,2026-01-04 20:22:57,198,119,8
1382,02/12/2025,373,166,1
1383,2025-09-24 06:24:26,299,169,9
1384,2025-11-14,120,185,8
1385,2025-03-21 23:56:10,113,105,6
1386,2025/05/14 08:35,418,186,3
1387,2025-11-28 09:10:04,409,149,9
1388,2025-10-11 04:27:07,80,61,10
1389,2025-03-21 14:11:51,406,85,10
1390,14/10/2025,245,61,7
1391,2025-07-12 02:02:10,66,66,10
1392,2025-01-31 11:31:22,1,180,2
1393,2025-02-27 10:06:43,295,175,4
1394,2025-05-03 17:18:08,444,38,6
1395,2025-11-30 23:29:53,128,79,1
1396,"Aug 18, 2025",197,9,1
1397,2025-10-22 19:28:31,474,176,2
1398,2025-08-10 00:17:11,181,114,7
1399,2025-03-11 03:17:09,124,66,5
1400,2025-05-15 07:39:35,70,61,5
1401,2025-05-19 23:27:46,445,113,6
1402,2025-02-16 17:54:07,17,71,2
1403,2025-07-02 03:39:19,282,86,7
1404,2025-11-15 02:24:58,67,67,9
1405,2025-07-15 11:53:50,289,187,9
1406,2025-03-11 23:21:06,45,196,1
1407,2025-12-26 00:06:43,40,114,3
1408,04/09/2025,392,79,6
1409,2025-02-04 21:37:38,172,167,3
1410,2025-08-06 17:25:00,183,82,8
1411,2025-04-28 21:35:28,151,67,3
1412,2025-03-23 03:04:22,78,73,4
1413,2025-07-05,108,101,7
1414,11/09/2025,461,59,2
1415,2025-04-27 03:14:33,319,67,3
1416,2025-07-01 00:30:50,233,146,2
1417,29/09/2025,225,198,8
1418,2025-03-02 17:59:31,156,69,5
1419,2026-01-20 07:50:54,357,53,10
1420,23/02/2025,428,187,4
1421,2025-08-10 09:02:27,206,159,8
1422,03/08/2025,467,166,8
1423,2026-01-25 13:57:45,418,176,4
1424,2025-08-20,234,153,5
1425,2025-06-21 21:46:51,122,91,10
1426,2025-07-20 09:14:07,426,12,1
1427,2025/09/19 13:30,10,78,7
1428,2026-01-23 12:20:56,455,129,8
1429,2025-05-02 19:18:43,283,23,6
1430,2025-02-04 01:36:28,74,30,6
1431,11-13-2025,248,72,6
1432,2025-06-04 15:51:57,493,133,6
1433,2025-10-24 05:30:26,240,189,8
1434,2025/09/16,229,169,8
1435,"Nov 07, 2025",74,42,8
1436,2025-10-25 16:39:59,254,144,8
1437,2025-05-31 04:30:07,305,185,3
1438,2025-02-15 06:07:38,439,73,3
1439,2025-08-17,214,70,10
1440,2025-11-22 18:08:08,366,20,4
1441,2025-04-03 10:21:01,140,85,1
1442,2025-11-10 13:36:03,146,32,7
1443,"Jul 18, 2025",93,28,6
1444,2025-10-10 21:38:03,355,161,5
1445,2025-09-17 16:29:48,405,12,10
1446,2025-11-22,402,188,10
1447,2025-02-22 19:55:16,185,15,2
1448,"Nov 09, 2025",10,24,7
1449,2025-07-16 10:22:27,479,100,7
1450,"May 17, 2025",416,168,3
1451,2025-02-14 04:46:48,69,176,10
1452,2025-04-12 07:16:37,173,95,9
1453,2025-02-14 09:46:30,142,100,8
1454,2026-01-05 13:24:25,373,24,7
1455,08-06-2025,225,162,7
1456,2026-01-26 18:02:02,388,176,3
1457,2025-08-16 10:35:03,388,135,2
1458,2025-05-02 05:24:38,413,123,5
1459,2025-10-31 19:02:42,467,77,4
1460,2025-04-09 02:47:11,219,13,9
1461,2025-06-09 15:28:14,453,28,9
1462,2025-11-11 09:13:31,35,170,10
1463,"Dec 12, 2025",267,21,9
1464,2025-05-31 15:09:18,124,12,2
1465,2025-03-16 16:33:57,79,81,10
1466,2025-06-13 12:25:39,11,160,5
1467,2025/12/20 06:44,304,48,4
1468,2025-10-28 00:12:46,225,137,1
1469,2025-12-22 16:45:14,115,44,8
1470,2025-06-20 17:43:15,200,169,10
1471,2026-01-20 14:22:53,247,158,6
1472,2025-07-30,175,33,3
1473,30/07/2025,280,54,8
1474,2026-01-02 03:08:04,96,138,4
1475,07/08/2025,35,38,8
1476,2025-11-18 00:42:52,116,125,8
1477,2025-10-22 10:44:04,267,63,4
1478,"Feb 27, 2025",341,101,1
1479,2025-09-06 20:10:53,486,149,10
1480,2025-11-26 17:41:54,16,125,7
1481,2025-08-17 08:26:36,133,157,8
1482,2025-05-27 20:59:10,451,5,7
1483,2025/02/28 17:14,113,69,7
1484,28/09/2025,67,112,1
1485,2025-05-21 12:20:53,403,57,10
1486,2025-09-06 04:46:31,161,184,8
1487,2025-07-04 15:10:38,325,183,7
1488,2025-10-08 17:11:48,466,168,6
1489,2025-06-07,189,42,10
1490,"Feb 14, 2025",88,41,10
1491,2025-12-13 01:42:46,206,54,9
1492,2025/06/07 05:46,320,67,6
1493,29/01/2026,357,30,10
1494,10/05/2025,395,91,1
1495,2026-01-22 01:50:08,340,172,2
1496,2026-01-10 03:51:19,232,118,2
1497,2025-02-26 01:31:41,477,27,9
1498,2025-09-19 07:28:40,448,162,2
1499,2025-06-11 16:04:30,396,187,5
1500,2025-11-18 05:37:03,248,188,2
1501,2025-10-04 07:21:02,499,36,2
1502,2026-01-12 08:55:54,85,197,1
1503,03-23-2025,441,88,5
1504,2025-09-08 05:31:11,400,162,4
1505,2025-11-11 05:01:27,168,108,4
1506,2025-02-11 18:47:33,282,105,8
1507,2025-02-23 05:18:02,474,8,8
1508,2025-11-10 03:05:12,19,133,2
1509,2025-06-12,249,198,3
1510,2025-06-18 22:59:46,69,148,1
1511,2025-08-25 10:46:01,78,170,9
1512,2025-09-07 11:04:48,142,175,9
1513,2025-10-04 10:11:11,406,89,1
1514,2026-01-11 16:14:42,477,38,7
1515,2025-06-14 22:30:27,140,140,10
1516,2025-11-04 07:10:59,67,89,7
1517,2025-08-27 12:10:42,484,10,9
1518,2025-08-11 18:56:59,3,190,3
1519,2025-06-24 18:37:45,387,55,2
1520,2025/09/24 00:51,417,88,3
1521,2025-05-01,354,78,7
1522,2025-03-12 01:44:16,403,91,2
1523,2025-10-25 10:50:54,211,32,8
1524,2025-07-31 08:35:45,13,117,6
1525,06-20-2025,385,145,9
1526,2025-08-23 13:45:01,489,147,3
1527,2025-05-05 18:48:12,381,27,6
1528,"May 05, 2025",214,200,6
1529,2025-07-11,215,109,3
1530,2026-01-28 14:22:24,193,144,9
1531,2025-05-14 16:01:22,267,128,7
1532,30/12/2025,480,126,7
1533,28/07/2025,54,181,9
1534,2025-03-15 04:19:26,396,144,6
1535,2025-12-07 13:27:22,66,29,2
1536,2025-07-13 04:17:12,112,134,3
1537,24/12/2025,1,78,5
1538,"Jul 11, 2025",14,79,5
1539,2025-03-03 17:31:08,302,12,7
1540,2025-10-05 13:44:14,365,116,6
1541,2025-12-04 05:02:36,3,156,3
1542,05-26-2025,31,195,8
1543,2025-06-05 08:28:36,258,105,7
1544,2025-02-22 16:07:57,223,139,1
1545,2025-08-15 00:54:11,399,23,3
1546,2025-12-21 20:25:37,263,198,5
1547,2025-12-06 07:00:21,191,144,2
1548,2025-10-16 20:45:43,87,148,1
1549,2026/01/03 00:40,490,122,9
1550,2025-09-19 21:06:03,420,53,4
1551,2025-11-15 11:39:59,346,137,10
1552,2025-08-03 12:22:38,309,126,1
1553,2025-03-15 11:33:19,85,7,9
1554,13/04/2025,80,30,2
1555,03-21-2025,339,79,7
1556,11-14-2025,79,100,2
1557,2025/02/08 07:22,152,31,1
1558,08-20-2025,349,130,7
1559,2025-06-13,485,8,7
1560,2025-11-19 20:11:46,342,26,4
1561,2025-08-19 14:48:33,64,78,10
1562,2025-09-10 07:24:27,305,163,9
1563,2025-03-02 06:07:24,186,96,9
1564,"May 22, 2025",104,109,9
1565,2026-01-29 02:11:27,301,43,1
1566,2025-10-19 09:08:04,492,70,10
1567,2025-08-09 21:18:17,251,90,4
1568,2025-11-06 19:26:44,428,12,3
1569,2025-11-26 04:28:38,430,23,7
1570,2025/02/25 15:43,133,143,5
1571,01-19-2026,209,88,5
1572,2025-09-21 04:52:07,458,85,1
1573,2025-07-13 00:09:20,58,156,8
1574,2025-10-05 20:14:08,466,45,7
1575,2025-06-04,472,126,7
1576,2025-12-16 04:29:36,443,172,8
1577,2025-11-10 13:01:59,247,97,10
1578,2025-09-20 04:32:33,95,197,1
1579,2025-04-06,444,50,8
1580,2026-01-17 03:16:32,254,92,4
1581,2025-07-06 08:31:44,461,78,4
1582,2025-12-28 10:13:19,54,93,1
1583,"Feb 19, 2025",472,181,10
1584,2025/03/16 20:05,207,127,3
1585,2025-03-26 04:40:09,187,17,10
1586,2025-03-31 08:17:59,194,67,10
1587,2025-05-27 00:50:30,292,71,4
1588,2025/10/15 22:22,145,174,9
1589,2025-06-05 11:45:36,103,165,1
1590,2026-01-08 18:52:13,65,71,2
1591,"Dec 22, 2025",474,133,1
1592,2025-12-04 02:58:42,30,50,6
1593,2025-05-01 15:25:50,346,7,4
1594,2025-09-18 05:59:18,130,64,4
1595,2025-08-19 01:00:53,113,161,2
1596,2025-03-16 22:48:10,346,7,10
1597,2025-05-20 03:55:34,454,65,4
1598,2025-08-12 12:08:44,334,88,1
1599,2025-08-01 22:33:27,138,19,10
1600,2025-04-01,391,161,8
1601,"Jan 08, 2026",398,178,2
1602,2025-03-27 02:01:52,313,17,2
1603,2025-09-27 03:29:20,25,98,7
1604,"Oct 20, 2025",244,60,10
1605,2025-09-07 12:21:54,213,159,2
1606,2025-12-03 18:49:52,342,7,8
1607,2025-08-23 00:26:50,332,28,2
1608,2025/11/27 20:52,302,152,4
1609,2025-02-09,133,159,8
1610,2025-02-15 11:19:48,265,132,6
1611,2025-09-21 05:22:01,87,199,3
1612,2025-08-28 13:25:43,289,88,5
1613,2025/09/24 02:05,106,151,3
1614,2025-11-05 02:29:25,312,52,4
1615,2025-07-01 21:50:12,449,122,8
1616,2025-09-20 12:13:15,161,149,10
1617,2025-07-30 03:49:02,338,85,3
1618,2025-09-15 07:59:17,96,11,8
1619,2025-05-15 16:59:09,419,58,4
1620,14/01/2026,34,124,6
1621,2025-07-25 01:05:34,126,19,6
1622,2025-11-19 07:04:40,186,75,8
1623,2025-10-07 01:35:54,224,196,6
1624,05-18-2025,412,51,5
1625,02/25/2025,242,63,3
1626,2025-02-20 23:50:35,278,36,7
1627,2025-07-09 11:06:26,177,87,4
1628,2025-07-25 19:11:05,277,96,3
1629,14/04/2025,258,112,2
1630,2025-09-08 11:34:34,166,178,6
1631,2025-05-24 22:25:44,56,63,1
1632,2025-10-19 05:24:32,38,138,5
1633,2025-10-24 04:36:15,367,162,5
1634,2025-12-10 07:37:05,54,150,8
1635,"Jan 21, 2026",395,121,10
1636,2025-03-18 18:53:32,241,96,8
1637,2025-06-14 19:07:55,284,183,6
1638,2025-08-23 09:46:11,489,127,8
1639,26/05/2025,15,150,1
1640,2025-07-19 13:43:45,353,79,7
1641,2025-05-07,321,96,5
1642,2025-04-30 16:56:21,118,150,1
1643,2025-03-06 17:01:22,432,110,8
1644,2025-05-15 09:56:25,83,128,6
1645,2025-06-19 09:40:15,190,114,4
1646,2025-09-11 18:16:07,320,22,5
1647,2025-04-30,191,21,5
1648,2025-12-11 09:06:11,456,51,6
1649,2025-03-29 06:56:27,443,197,5
1650,05-29-2025,322,193,9
1651,2025/08/28 23:51,424,104,10
1652,2025-05-24 08:15:43,298,102,4
1653,2025-11-04 18:46:50,237,122,4
1654,2025-07-30 16:47:56,447,194,8
1655,2025-08-05 15:36:42,484,81,4
1656,2025-07-31 15:58:18,67,107,4
1657,2025-05-22 05:03:32,494,8,6
1658,2025-02-07 18:11:49,194,79,1
1659,2026-01-10 08:12:35,293,91,6
1660,2025/08/02 19:34,270,193,7
1661,2026-01-17 12:01:26,229,36,3
1662,2025-04-18 20:53:39,78,155,10
1663,2025-06-07 02:19:10,10,53,7
1664,2025-02-17 11:58:21,471,122,2
1665,2025/07/29 03:23,383,164,5
1666,"Dec 18, 2025",289,126,1
1667,2025/09/25 16:33,297,135,2
1668,2025-07-20 05:43:02,279,106,7
1669,2025-08-13 17:24:45,41,138,7
1670,2025-12-05 07:29:18,123,53,3
1671,2025-07-06 05:46:51,7,182,8
1672,2025-12-18 07:23:24,252,80,10
1673,22/10/2025,467,118,5
1674,2025-11-04 11:58:28,340,64,9
1675,2025-06-12 16:50:46,171,126,8
1676,2025-06-25 23:31:51,486,24,5
1677,2025-08-26 14:14:20,462,89,5
1678,2025/04/11 09:04,426,45,7
1679,2025-08-19,42,169,3
1680,2025-02-25 10:37:38,300,161,9
1681,2025-08-02 17:58:02,302,179,4
1682,2025-11-05,314,142,2
1683,2025/05/12,66,116,3
1684,2026-01-26 13:52:38,134,173,8
1685,2025-10-05,44,50,7
1686,2025-03-14 17:38:58,318,192,8
1687,01-20-2026,358,141,4
1688,2025/06/22 06:27,53,156,2
1689,11-16-2025,318,196,1
1690,2025-06-02 07:52:13,155,173,9
1691,2026-01-07 23:20:18,14,163,9
1692,2025-11-01 11:13:32,297,27,7
1693,2025-04-12 13:44:25,458,2,1
1694,2025-08-03,8,64,6
1695,2025-07-31 08:01:50,432,50,2
1696,2025/02/15 06:04,173,171,3
1697,2025/03/21 22:44,438,161,4
1698,2025-05-31 12:58:57,483,55,2
1699,2025-07-21 00:26:10,72,103,6
1700,2025-07-15 23:57:20,401,57,2
1701,08/09/2025,204,160,6
1702,2025-08-06,248,27,9
1703,05-29-2025,180,100,3
1704,2025-09-10 22:09:21,302,86,1
1705,2025-03-30 23:19:23,174,98,9
1706,2026-01-26,105,151,1
1707,10-26-2025,70,63,10
1708,2025-05-19 08:40:03,307,53,1
1709,2025-06-01,458,114,6
1710,2025-11-28 08:20:16,388,74,1
1711,2025-08-12 07:29:36,329,88,4
1712,2025-10-15 08:05:56,22,171,4
1713,2025-05-19 06:40:57,10,134,6
1714,2025-11-23 02:32:53,380,17,8
1715,13/06/2025,102,163,3
1716,"Oct 02, 2025",290,53,4
1717,01-22-2026,368,109,3
1718,2025-08-31 02:54:47,274,70,8
1719,2025-11-16 06:06:29,400,102,7
1720,2025-10-21 15:46:50,373,130,10
1721,2025-10-08 13:53:13,12,124,1
1722,2025-02-08 21:40:11,358,195,5
1723,2025-07-22 09:22:03,242,187,3
1724,2026-01-17 13:39:31,306,117,5
1725,2025-11-11 04:58:31,492,19,6
1726,2025/11/09 00:09,312,40,4
1727,2025-08-28 13:35:08,273,107,7
1728,2025-10-20 02:35:36,33,165,10
1729,"Aug 30, 2025",48,32,7
1730,2025-04-02 18:33:15,490,185,6
1731,2025-09-16 02:06:03,56,177,6
1732,2025-09-13 08:49:25,463,109,4
1733,2025/12/03 23:29,246,93,1
1734,2025-03-24 21:03:24,203,64,10
1735,2025-10-05 04:15:00,454,42,1
1736,2025-02-10 14:28:42,191,183,7
1737,2026-01-11 06:52:29,384,21,9
1738,2025-03-11 11:00:12,52,110,5
1739,2025-02-05 21:20:18,308,169,7
1740,2025-05-24 03:58:42,244,193,2
1741,2025-03-26 09:47:41,238,89,3
1742,09/10/2025,390,192,7
1743,2025-06-28 19:06:47,143,199,7
1744,08/11/2025,261,188,7
1745,2025-12-31 16:24:29,108,129,2
1746,2025-12-14 02:08:50,464,48,4
1747,2025-10-25 09:26:33,426,195,4
1748,2025-02-21 22:49:20,304,105,8
1749,"Mar 21, 2025",434,163,3
1750,2025-04-15 17:23:58,303,150,4
1751,2025-05-28,39,26,1
1752,2025-09-28 19:01:03,120,25,4
1753,2025-08-09 09:40:43,307,155,9
1754,2025-05-24 22:00:16,441,194,6
1755,2025-04-03 11:28:37,277,175,6
1756,2025-12-28 13:46:42,211,93,7
1757,"Jun 03, 2025",165,92,6
1758,2025-06-08 04:28:28,317,7,10
1759,2025-11-07 13:24:50,205,180,4
1760,2025-10-20 18:44:50,270,169,8
1761,2025-09-21 00:36:19,471,1,6
1762,"Oct 10, 2025",440,12,6
1763,2025-09-09 17:20:06,82,90,7
1764,10/04/2025,371,180,2
1765,2025-04-29,97,147,9
1766,2025-08-21 16:14:55,28,120,3
1767,22/04/2025,492,170,9
1768,01-20-2026,465,28,7
1769,2025-05-18 17:20:29,286,185,5
1770,2025-05-15 19:27:43,318,32,3
1771,2025-04-15 08:08:54,148,24,6
1772,2025-10-14 23:26:48,394,154,2
1773,2025-05-25 23:48:30,42,184,7
1774,06/06/2025,438,112,4
1775,2026-01-05 04:13:38,9,152,4
1776,2025-11-16 21:00:17,194,81,7
1777,"May 09, 2025",196,16,10
1778,2025-03-15 18:55:24,348,174,3
1779,"Oct 03, 2025",61,57,2
1780,06-17-2025,57,57,8
1781,2026-01-22 21:48:16,27,180,1
1782,2025-11-24 09:57:21,105,177,2
1783,2026-01-13 22:58:36,352,147,8
1784,2025-11-19 02:08:28,63,75,7
1785,2025-05-16 08:11:40,456,40,4
1786,2025-05-14 17:44:58,102,199,3
1787,2025-10-17 00:47:06,430,169,3
1788,2025-06-05 12:40:53,432,109,8
1789,10/07/2025,30,19,9
1790,2025-05-03 21:07:52,173,34,6
1791,2025-07-23 16:39:29,367,182,5
1792,13/04/2025,227,36,8
1793,2025-08-14 13:11:17,312,189,1
1794,2026-01-05 13:42:35,496,27,3
1795,"Oct 11, 2025",103,174,3
1796,2025-03-21 21:36:17,91,167,6
1797,11/09/2025,36,161,7
1798,"Sep 01, 2025",125,45,7
1799,2025-04-28,300,162,8
1800,2025-10-01 00:50:18,18,131,4
1801,2025-08-11 03:26:33,114,123,5
1802,2025-09-19 23:28:08,182,99,8
1803,2025-02-18 03:37:13,79,147,3
1804,2025-06-29 14:45:27,264,138,3
1805,2025-10-18 19:31:49,347,101,9
1806,2025-03-07 18:53:33,168,126,2
1807,2025-11-07 07:33:12,104,183,2
1808,2025-01-31 21:48:45,370,31,3
1809,18/08/2025,13,143,8
1810,2026-01-04,175,144,5
1811,06-27-2025,470,44,7
1812,"Jan 06, 2026",435,76,9
1813,2025/12/16,260,156,9
1814,2025-07-23 10:54:43,16,49,3
1815,04-12-2025,500,35,10
1816,16/01/2026,373,20,9
1817,2025-05-27 05:12:55,203,174,7
1818,2025-09-22 23:03:04,415,162,5
1819,2025-12-27 20:31:17,332,183,6
1820,2025-03-03 05:58:21,128,131,10
1821,2025/08/27 13:47,339,81,7
1822,2025-08-13,308,29,9
1823,"Oct 20, 2025",135,38,4
1824,2026-01-06 06:23:53,93,27,2
1825,12-29-2025,97,79,10
1826,2025-04-03 03:36:24,447,70,10
1827,2025-12-18 06:34:41,233,82,7
1828,2025-04-04 20:05:08,9,174,9
1829,2025-12-31,5,104,8
1830,2026-01-28 13:47:30,287,33,3
1831,2025-06-23 09:04:11,127,14,6
1832,2025-07-29 06:39:59,338,181,8
1833,"Jan 06, 2026",55,120,9
1834,2026-01-16 23:08:33,229,59,5
1835,2026-01-03 11:23:11,480,79,7
1836,2025-12-16 08:44:22,76,21,2
1837,2025-02-02 03:04:46,52,148,1
1838,2025-08-25 15:26:12,242,127,1
1839,2025-03-10 17:27:49,290,188,3
1840,2026-01-23 04:32:23,467,174,9
1841,2025-05-13 15:28:22,421,49,1
1842,2026-01-26 19:13:40,429,89,4
1843,2025-08-16 06:08:09,120,156,8
1844,07-29-2025,176,196,9
1845,2026-01-07 18:02:27,93,14,7
1846,2025-12-06 09:05:37,1,29,6
1847,07/19/2025,5,197,2
1848,2025-04-10 07:55:03,285,146,7
1849,2025-03-12 01:17:23,8,165,9
1850,2025-03-30 02:05:36,178,159,8
1851,2025-07-16 10:51:45,421,118,6
1852,2025-05-03 14:38:19,13,90,3
1853,2025/04/07 07:11,481,111,8
1854,2025-10-25 05:39:58,224,125,1
1855,2025-11-14 14:23:40,336,58,8
1856,2025-08-25 19:31:50,348,110,3
1857,"Nov 02, 2025",434,113,8
1858,04/04/2025,254,51,2
1859,2025-12-08 07:14:42,228,9,3
1860,2025-12-23 04:19:30,75,171,5
1861,2025-11-27 11:49:43,436,127,3
1862,2025-08-06,231,103,9
1863,03-02-2025,2,129,1
1864,2025-10-01,141,112,8
1865,2025-04-07,339,187,9
1866,2025-03-22 07:13:26,381,171,7
1867,2025/05/28 22:14,156,27,9
1868,30/04/2025,374,34,7
1869,2025-05-05 01:51:18,421,52,2
1870,2025-04-25 08:04:28,411,79,4
1871,2025-11-01 15:32:57,452,16,9
1872,01-13-2026,488,29,5
1873,05-20-2025,218,13,3
1874,"Oct 20, 2025",279,156,2
1875,2025-02-03 20:05:21,173,172,1
1876,2025-09-25 13:09:27,41,85,6
1877,10-09-2025,193,136,10
1878,2025-02-21 22:55:17,140,28,3
1879,2025-03-14 23:49:27,374,11,10
1880,2025/05/21 03:35,332,181,8
1881,2025-06-26 19:25:34,441,195,4
1882,2025-08-01 15:13:35,259,33,4
1883,2025-12-22 12:38:46,256,195,9
1884,"Oct 13, 2025",174,162,2
1885,23/05/2025,96,6,3
1886,2025-03-13 14:28:20,215,178,4
1887,2025-12-30 06:01:34,308,132,2
1888,2025-05-17 14:12:30,241,99,9
1889,11/09/2025,135,53,3
1890,2025-04-19 18:20:36,8,132,8
1891,03-19-2025,411,67,5
1892,26/03/2025,309,137,4
1893,2025-10-29 23:23:22,151,70,1
1894,09-08-2025,214,54,9
1895,2025-06-30 09:36:48,59,22,9
1896,2025-08-18 11:49:10,66,157,5
1897,2025-07-20 07:59:01,461,3,6
1898,2025-08-14 00:34:09,205,46,5
1899,2025-09-29 03:52:31,200,200,10
1900,2025-04-19 22:48:01,281,98,5
1901,2025-04-30 08:01:59,447,53,8
1902,2025-11-01 05:40:00,439,149,7
1903,"Dec 14, 2025",292,186,7
1904,2025-02-28 20:44:26,344,46,4
1905,2025-07-12 00:45:58,292,47,5
1906,13/10/2025,142,46,7
1907,2025-02-27 03:38:57,279,166,7
1908,"Aug 23, 2025",322,187,1
1909,2025-02-21,314,165,1
1910,2025-08-17 03:52:18,319,4,1
1911,2025/08/02 07:21,7,87,2
1912,2025/08/27 05:37,33,85,8
1913,2025-03-25 03:44:36,275,6,1
1914,29/05/2025,195,131,7
1915,2025-08-07 08:13:27,361,91,5
1916,2025-03-13,467,99,2
1917,2025-04-14 22:25:00,428,92,2
1918,"Aug 30, 2025",400,22,1
1919,2025-03-04 10:58:46,433,109,3
1920,2025-08-04 09:52:12,71,90,2
1921,2025-11-21 02:46:49,239,95,5
1922,"Jul 14, 2025",121,39,3
1923,2025-08-05 21:02:19,110,18,2
1924,2025-07-15 03:17:35,199,72,3
1925,2025-02-20 12:50:17,194,47,7
1926,2025-07-17 21:54:31,311,124,7
1927,2025-11-20 13:57:04,456,36,4
1928,2025-10-20 17:56:06,201,138,9
1929,2025-06-23 03:02:39,128,59,7
1930,2025-11-24 07:59:08,345,135,10
1931,2025-10-29 07:24:04,206,93,1
1932,2025-08-29 17:15:18,378,93,9
1933,2025-02-15 12:43:09,246,29,1
1934,2025-06-04 10:43:46,94,200,3
1935,22/02/2025,293,142,7
1936,2026-01-27 13:44:34,210,179,3
1937,2026-01-06 01:58:08,180,109,6
1938,2025-02-24 17:21:38,131,149,2
1939,2026-01-05 05:20:52,51,41,1
1940,2025-02-10 00:27:15,413,63,2
1941,2025-06-28 06:38:30,247,107,3
1942,2025-11-06 10:54:17,317,192,9
1943,2025-11-05 23:28:41,323,87,8
1944,2026-01-22 02:11:04,71,29,3
1945,"Sep 22, 2025",217,155,3
1946,2025-07-02 09:23:43,97,117,9
1947,2026-01-27 15:25:31,207,79,4
1948,2025-06-18 13:44:47,135,24,9
1949,2025-12-13 14:34:41,64,191,4
1950,2025-12-26 20:21:47,286,101,3
1951,2025-06-16 17:22:55,389,178,8
1952,10-06-2025,202,104,7
1953,2025-09-28 13:12:20,434,27,2
1954,2025/08/14 08:43,305,86,1
1955,2025-09-25 06:50:07,126,194,5
1956,2025/06/05 09:48,15,9,4
1957,2025-04-05 01:44:57,96,124,1
1958,2025-08-14 12:59:06,369,80,1
1959,2025-08-11 07:05:43,334,102,9
1960,2025-10-22 04:42:56,30,186,6
1961,21/04/2025,173,85,7
1962,"Jan 31, 2025",110,151,1
1963,2025-02-07 07:51:05,93,184,4
1964,2025-05-18 18:15:48,301,37,3
1965,2025-10-02 12:25:49,292,156,9
1966,2025-08-16 13:07:07,283,87,5
1967,2025/08/12 14:06,211,111,1
1968,2025-11-26 03:32:47,119,161,8
1969,2025-04-30 19:55:14,296,197,5
1970,2025-06-05 03:25:35,185,23,8
1971,05/10/2025,455,76,3
1972,2026-01-07 09:23:29,254,198,8
1973,2025-10-21 23:40:35,330,196,8
1974,03-12-2025,211,32,10
1975,2025-11-21 16:03:00,130,175,3
1976,"Jul 02, 2025",189,160,6
1977,2025-11-05 22:35:45,97,175,1
1978,2025-12-18,360,190,4
1979,2025-02-04 14:08:05,44,19,4
1980,2025-04-15 16:57:43,18,24,6
1981,2025-03-07,26,120,2
1982,2025-02-11 14:37:08,172,111,4
1983,"Sep 05, 2025",271,88,10
1984,2025-10-13 05:17:52,221,40,8
1985,2025-02-16 21:53:04,129,146,1
1986,27/10/2025,215,93,7
1987,2025-06-25 09:10:39,467,109,5
1988,2025-04-25 09:58:21,358,37,2
1989,2025-04-19 15:16:53,79,183,8
1990,"Dec 11, 2025",18,67,3
1991,2025-02-19 15:15:32,52,51,6
1992,2025-08-01 15:54:10,482,177,3
1993,2025-05-15 00:21:41,145,147,7
1994,2025-11-23 02:49:58,155,153,4
1995,2025-10-24 11:47:12,498,158,3
1996,"May 26, 2025",214,188,6
1997,2025-09-05 09:34:06,271,30,7
1998,2025-10-02 23:05:38,58,116,3
1999,27/05/2025,157,149,2
2000,2025-05-20 07:52:09,448,154,7
2001,2025-03-23 00:31:23,93,49,10
2002,2025-09-27 11:10:34,348,5,5
2003,2025-04-20 23:37:34,200,32,8
2004,2025-05-19 12:49:25,282,106,6
2005,2025-02-21 04:07:40,103,134,6
2006,2026-01-11 06:26:26,401,110,6
2007,"Dec 17, 2025",479,139,7
2008,2025-12-28,252,26,2
2009,"Sep 15, 2025",201,192,10
2010,"Jul 04, 2025",449,75,7
2011,2025-07-29 12:45:55,371,121,2
2012,2026-01-19 23:28:43,224,119,7
2013,2026-01-08 13:38:25,9,102,1
2014,"Oct 02, 2025",403,73,5
2015,11-12-2025,279,107,1
2016,2025/05/26 12:12,9,154,6
2017,2025-06-30 22:26:15,384,101,4
2018,"Mar 25, 2025",409,14,10
2019,2025-06-16 05:46:07,69,82,9
2020,2025/11/01 18:21,491,182,3
2021,2025-07-21 05:47:27,392,67,9
2022,2025-12-06 00:56:00,439,24,2
2023,2025/05/19 05:34,392,198,10
2024,2025-10-15 16:31:08,10,7,3
2025,2025-11-20 08:43:40,363,92,3
2026,2025-12-29 19:29:38,468,77,4
2027,2025-08-23 09:29:01,133,200,7
2028,2026/01/18 22:50,300,22,3
2029,08/21/2025,463,153,2
2030,2025-03-19,63,93,4
2031,2025-04-28 15:17:18,461,20,4
2032,2025-04-14,406,163,8
2033,2025-09-23 04:16:02,285,156,1
2034,2026-01-01 21:50:42,431,124,10
2035,2025-12-05,149,134,5
2036,04/03/2025,39,40,4
2037,21/10/2025,358,187,3
2038,2025-04-09 17:00:16,447,167,5
2039,2025-05-07 14:33:41,63,112,9
2040,2025-10-02 10:14:02,336,45,4
2041,07/09/2025,195,150,10
2042,2025-12-14 21:42:42,327,115,7
2043,2025-04-08 03:54:57,443,82,10
2044,2025-11-04 12:50:57,160,52,10
2045,2025-10-21 06:05:21,285,17,8
2046,2025-08-21 21:22:02,334,131,5
2047,2025-07-23 12:49:30,340,166,9
2048,2025-12-13 15:38:00,136,47,6
2049,2025-05-31 07:50:04,320,63,2
2050,2026-01-14,272,38,6
2051,02-04-2025,119,83,4
2052,2026-01-07 22:07:59,195,144,5
2053,2026-01-16 20:53:48,346,172,2
2054,2025-03-13 11:34:12,345,175,7
2055,2026-01-29 17:59:00,412,51,1
2056,2025-07-23 04:31:05,300,108,2
2057,2025-04-28,319,84,10
2058,"Sep 07, 2025",371,148,1
2059,"Apr 14, 2025",451,11,6
2060,2025-12-30 11:32:54,325,78,5
2061,2025-08-19 11:24:08,44,21,9
2062,2025-11-09 16:33:02,14,101,5
2063,17/06/2025,202,32,6
2064,12/08/2025,50,83,7
2065,2025-06-10,443,138,1
2066,2025-05-05 22:18:34,4,68,6
2067,2025-08-05 05:00:56,251,70,3
2068,2025-07-30 05:23:18,374,33,6
2069,2025-03-06 04:27:19,140,106,8
2070,2026-01-23 17:50:38,109,148,8
2071,07-20-2025,284,198,8
2072,"Dec 02, 2025",293,63,4
2073,2025-12-29 06:50:30,500,120,7
2074,2025-06-14 19:12:39,81,54,10
2075,2025-06-30 16:31:49,406,195,5
2076,08-23-2025,94,130,2
2077,04-20-2025,213,132,4
2078,2025-03-24 05:21:45,93,148,2
2079,"May 05, 2025",184,191,2
2080,2026/01/06 12:48,239,136,8
2081,2025-08-29 15:41:12,24,102,9
2082,"Jul 01, 2025",367,113,5
2083,2025-03-26 06:25:53,25,49,7
2084,2025-05-30 18:52:56,168,156,8
2085,2025-06-17,146,13,4
2086,2025/11/30 03:40,34,17,9
2087,2025-07-31 09:46:02,124,26,4
2088,2025/09/25 23:11,233,53,6
2089,2025-10-06 17:21:29,344,129,10
2090,2025-05-03 06:11:52,161,177,4
2091,2025-11-25 12:05:36,143,43,3
2092,2026-01-17 15:34:48,186,4,8
2093,2025-09-21 06:12:57,84,68,2
2094,2025-07-28 12:49:16,161,3,10
2095,2025-04-01 09:00:41,255,1,8
2096,2025-11-16 10:34:57,309,5,10
2097,2025-04-01 05:20:12,411,129,3
2098,2025-10-19 16:28:45,481,78,6
2099,"Jul 27, 2025",92,140,5
2100,2025-12-30 21:41:25,254,86,9
2101,"Aug 15, 2025",276,176,9
2102,"Sep 21, 2025",186,92,8
2103,2025-02-20 09:58:23,37,97,2
2104,02-11-2025,433,140,8
2105,2025/12/05 06:56,366,71,5
2106,2026-01-09 20:37:53,236,111,8
2107,2025-09-30 04:00:42,183,89,5
2108,2025-11-04 16:58:41,248,176,3
2109,2025-06-29 20:19:16,222,75,10
2110,2025-12-03 02:21:09,488,125,5
2111,2025/04/24 07:54,72,117,1
2112,15/10/2025,13,111,6
2113,2025-02-02 05:38:41,181,129,9
2114,2025-08-02 07:09:45,264,70,3
2115,06-15-2025,212,21,5
2116,2025-09-12 03:34:23,356,109,7
2117,"Sep 30, 2025",246,78,10
2118,2025/09/12 09:06,498,36,4
2119,"Jul 25, 2025",79,146,8
2120,2025-07-27 13:01:05,134,81,9
2121,2025-02-01 14:56:13,103,120,7
2122,19/08/2025,224,144,1
2123,2025/02/03 13:35,291,149,9
2124,2025-08-11 04:35:06,367,194,7
2125,2025-05-10 16:45:22,380,119,9
2126,2026/01/21 23:39,484,15,5
2127,2025/02/05 02:12,492,177,6
2128,"Nov 22, 2025",367,180,4
2129,2025-10-03 22:52:24,419,40,5
2130,2025-11-20 22:42:24,444,2,8
2131,2025-12-28 05:34:16,136,18,1
2132,"Mar 10, 2025",374,134,2
2133,2025-03-06 10:55:11,30,15,2
2134,2025-03-25 09:28:34,344,61,9
2135,2025-04-10 04:29:07,146,113,10
2136,2025-08-10 05:09:31,56,6,3
2137,2025-11-23 18:37:25,287,62,3
2138,2025-05-07,221,52,8
2139,2025-06-23 14:02:50,449,71,7
2140,06-15-2025,184,119,7
2141,2025-06-27 01:14:27,126,149,5
2142,08-24-2025,155,169,10
2143,2026-01-26 00:19:55,325,118,5
2144,2025-04-22 07:40:27,320,129,9
2145,06/10/2025,352,135,7
2146,2025-12-05 10:08:02,223,118,3
2147,2025-09-25 02:29:00,297,78,7
2148,2025-12-09 17:10:33,399,124,7
2149,2025-11-03 23:59:24,182,148,9
2150,2025-03-05 21:26:22,41,179,6
2151,2025-06-17,257,150,10
2152,2025-08-19 18:11:01,173,171,2
2153,19/02/2025,295,83,4
2154,2025-02-02 02:15:16,384,108,2
2155,2025-04-02 16:04:32,136,10,2
2156,2025-07-31 06:20:15,197,162,1
2157,2025-07-07 04:51:00,67,116,7
2158,"Nov 12, 2025",114,143,4
2159,2025-08-24 19:14:35,9,42,7
2160,2025-12-09 00:52:57,332,23,10
2161,2025-03-05 01:12:36,18,25,4
2162,2025-08-10 14:51:20,155,2,6
2163,2025-02-14 06:44:48,132,19,6
2164,17/04/2025,334,187,9
2165,2025-12-12 20:20:29,260,92,10
2166,2025-12-19 15:33:54,27,18,8
2167,2025/07/22 02:50,440,19,10
2168,2025-02-15 19:40:49,483,14,10
2169,2025-02-26 14:12:53,351,75,5
2170,2026-01-02 02:43:21,302,41,5
2171,2025-12-24 18:12:22,109,133,10
2172,2025-08-23 04:02:12,473,15,9
2173,2025-02-11 01:10:30,444,68,1
2174,2026/01/03 02:09,74,52,6
2175,2025-05-24 08:34:42,70,170,1
2176,2026-01-15 01:17:14,90,145,10
2177,2025-09-01 22:17:52,415,107,10
2178,2025-10-31,140,142,8
2179,2025-10-17 15:42:39,167,167,6
2180,24/06/2025,156,59,1
2181,2025-02-27 20:06:56,209,176,1
2182,2025-03-30 04:33:35,158,197,7
2183,2025-04-27 04:12:29,103,141,3
2184,"Nov 30, 2025",370,158,6
2185,2025-06-21 08:16:09,111,151,1
2186,2025-12-23 01:40:00,349,138,10
2187,31/05/2025,72,185,4
2188,2025-11-01 23:51:19,406,90,10
2189,2025-03-22 14:29:02,47,34,10
2190,2026/01/25 02:46,236,169,2
2191,2025-10-21 16:08:55,247,92,4
2192,2025-07-31 10:39:22,164,94,9
2193,2026-01-20 11:36:33,368,135,5
2194,2025-02-18 12:37:14,105,27,1
2195,08/07/2025,352,160,8
2196,02/12/2025,306,190,9
2197,2025-06-03,62,167,8
2198,2025-11-06 10:09:41,430,22,1
2199,2026-01-13 13:55:46,331,127,1
2200,"Jun 23, 2025",259,58,4
2201,2025-11-08 00:56:46,217,139,6
2202,2025-02-09,107,87,5
2203,2025-05-09 03:58:34,225,110,1
2204,2026-01-27 19:28:12,93,185,5
2205,"Jul 28, 2025",114,185,10
2206,2025-06-08 10:13:11,138,34,1
2207,2026-01-08 09:05:59,216,71,2
2208,07-06-2025,57,87,10
2209,2025/10/05 00:26,156,168,10
2210,2025-09-28,305,46,8
2211,2025-03-02 07:55:53,452,164,9
2212,2025-09-12 22:13:16,498,21,5
2213,11-17-2025,416,17,8
2214,2025-10-17 05:20:54,29,162,3
2215,2025-02-28 04:10:00,337,13,4
2216,2025-03-27 16:01:52,344,176,9
2217,2025-10-16 02:12:50,120,142,4
2218,2025-09-18 12:51:52,235,66,1
2219,2025/10/26 12:43,259,154,4
2220,2025-05-25 20:45:58,138,53,6
2221,2025-03-09 02:35:57,214,175,7
2222,2025-01-31 00:53:56,97,73,3
2223,2025-05-22 14:51:35,101,93,6
2224,06-10-2025,1,121,5
2225,2025-05-08 03:52:04,42,152,1
2226,2025-03-19 18:30:08,346,81,9
2227,2025-04-08 13:47:35,77,89,4
2228,2025-07-12 13:52:30,217,169,3
2229,2025-08-20 08:10:36,204,21,2
2230,2025-06-27 15:13:18,496,162,9
2231,2025-02-08 22:06:14,236,136,1
2232,2025/06/08 11:32,411,134,8
2233,2025-03-04 08:24:23,291,197,6
2234,2025-09-05 16:12:08,429,30,4
2235,2025-05-28 02:54:05,171,105,6
2236,2025-06-19 23:47:13,49,20,6
2237,2025-05-16 08:21:55,118,115,7
2238,2025-06-20 08:55:05,188,33,9
2239,2025-03-01 05:01:46,65,173,10
2240,"Dec 24, 2025",263,74,6
2241,2025-12-26 06:33:01,496,127,4
2242,2026/01/22 15:14,72,43,2
2243,26/08/2025,481,33,1
2244,2025-04-01 15:22:39,298,136,7
2245,2025-06-17 08:47:25,249,179,9
2246,2025-03-21 21:32:06,23,87,6
2247,2025-05-19 02:41:06,434,185,1
2248,2025-07-28 22:58:04,55,115,7
2249,2025-02-22 17:22:15,293,112,5
2250,2025-07-07,262,47,10
2251,2025-07-02 11:40:00,204,117,7
2252,2025-07-25 10:10:08,241,185,10
2253,2025-02-27 17:57:36,173,60,5
2254,2025-05-01 21:06:39,386,133,9
2255,2025-04-30 11:45:10,8,110,5
2256,2025-09-15 01:31:36,70,46,3
2257,2025-09-03 15:40:31,234,188,4
2258,2025-04-11 03:37:17,496,158,6
2259,2025-03-10 09:58:13,52,31,5
2260,2025-05-21 09:26:43,351,44,5
2261,11/01/2026,349,28,4
2262,2025-05-31 01:26:49,455,8,10
2263,2025-09-13 00:14:33,362,138,4
2264,2025/11/19 07:23,214,7,6
2265,2025-05-30 03:59:27,64,117,5
2266,2025-06-01 15:44:17,212,31,8
2267,2025-11-23 04:14:24,175,36,5
2268,2025-12-09 02:42:25,427,21,4
2269,2026-01-20 16:30:36,403,86,5
2270,2025-03-20 11:27:42,453,173,2
2271,2025-05-27 18:58:47,48,111,2
2272,2026-01-10 23:06:04,454,143,1
2273,2025-04-13 13:41:50,368,36,10
2274,2025-05-24 09:39:31,286,173,4
2275,2026-01-17,422,48,8
2276,2026/01/18 15:48,429,55,1
2277,2025-05-16 22:19:56,48,108,5
2278,2025-10-10 17:37:49,255,61,6
2279,2025-07-28 08:26:34,416,47,5
2280,2025-08-28 22:56:18,18,125,8
2281,2025-04-28,153,140,8
2282,2025-06-16 16:16:51,154,74,7
2283,2025-11-24 06:24:54,131,109,2
2284,2025-06-22 12:39:17,129,170,2
2285,2025-03-12 17:48:37,472,33,8
2286,23/08/2025,270,61,1
2287,2025-09-03 09:31:29,215,144,6
2288,2025-08-17 15:28:51,244,101,8
2289,2025-10-05 17:40:36,224,14,5
2290,2025-08-18 11:13:57,223,163,1
2291,2026-01-12,468,147,3
2292,2025/07/17,405,34,10
2293,2025-10-15,472,86,6
2294,2025-07-09 14:24:02,412,41,9
2295,2025-05-16 13:36:45,118,75,3
2296,2025-10-09,500,142,4
2297,11-24-2025,207,102,8
2298,2025-11-16 09:55:11,281,64,1
2299,2025-06-28 04:46:35,247,97,7
2300,"Jul 31, 2025",97,70,2
2301,2025-09-18 03:28:44,87,155,3
2302,2025-04-28 22:03:09,183,101,4
2303,2025-09-27 18:39:15,395,83,7
2304,2025/10/18 07:22,459,71,8
2305,11-14-2025,111,57,7
2306,2025-02-25 18:05:47,368,98,1
2307,2026-01-26 03:56:35,93,96,9
2308,2025-07-23 08:27:03,227,7,7
2309,2025-06-25 23:24:15,110,145,2
2310,2025-08-02 03:28:22,296,162,2
2311,"Dec 31, 2025",410,126,10
2312,2025-10-09 02:08:44,325,146,4
2313,2025-08-16 12:18:05,256,106,5
2314,2025-11-14 21:47:56,16,83,10
2315,2025-06-10 20:28:36,13,69,4
2316,"Dec 22, 2025",221,128,6
2317,2025-08-13 03:49:28,181,190,2
2318,2025-09-19,389,97,3
2319,2025-03-02 15:26:38,46,30,1
2320,2025-11-06 05:05:32,461,135,8
2321,"Sep 27, 2025",28,108,7
2322,2025-06-08 19:01:22,171,174,5
2323,09-23-2025,398,96,10
2324,2025-02-15 18:54:36,68,183,6
2325,2026-01-24 12:01:16,122,119,4
2326,2025-10-04 19:05:31,3,35,3
2327,"Jun 24, 2025",441,3,6
2328,2025-10-31 07:15:18,196,180,4
2329,"Jan 17, 2026",104,118,6
2330,2025-07-06 12:33:34,56,144,4
2331,2025-02-02 10:20:49,8,50,5
2332,2025-05-04 11:07:55,200,110,10
2333,2025-08-04 20:25:46,394,104,5
2334,07/08/2025,297,52,2
2335,2025-08-29 21:23:00,195,33,9
2336,2025-08-27 21:33:36,331,85,10
2337,2025-07-11,73,189,10
2338,2025-06-21,80,158,3
2339,2025-11-07 16:00:30,102,36,9
2340,2025-09-01 18:13:05,122,84,5
2341,2025-07-31 13:44:14,109,144,7
2342,2025-06-04 11:21:03,352,122,6
2343,2025-02-07 22:02:28,271,136,2
2344,2025-03-09 05:12:08,404,43,5
2345,2025-06-30 09:07:18,294,114,8
2346,01-16-2026,494,112,6
2347,2025-03-13 07:47:00,431,187,7
2348,2026-01-08,97,49,7
2349,2025-03-22 11:18:03,37,2,10
2350,2025-05-23 18:18:22,42,95,5
2351,"Jul 15, 2025",197,70,1
2352,2025/04/15 22:45,472,65,5
2353,2025-07-25 23:01:08,463,121,10
2354,2025-07-22,326,122,9
2355,2025-07-08,352,189,3
2356,11/10/2025,215,81,2
2357,2025-05-26 06:09:39,456,173,6
2358,"May 19, 2025",423,185,6
2359,11-21-2025,215,17,4
2360,2025-03-13 18:24:12,220,156,4
2361,12-05-2025,56,192,1
2362,2025-09-23 20:36:51,469,179,2
2363,2025-10-04 06:38:40,465,30,2
2364,2025-03-30 22:48:52,137,82,10
2365,2026-01-24 07:55:11,394,44,1
2366,2025-04-29 11:12:21,31,21,4
2367,04-03-2025,202,49,3
2368,29/03/2025,240,106,4
2369,2025-08-22 03:21:52,67,113,5
2370,2026-01-14 23:22:05,498,94,6
2371,2025-04-24 01:20:14,409,162,3
2372,2025-06-26 19:35:10,267,99,3
2373,2025-04-07 23:31:13,144,112,6
2374,2025-09-20 12:27:30,263,74,4
2375,2025-07-06 03:18:15,105,142,5
2376,2025-02-09,237,67,4
2377,2025-09-11 21:21:55,295,36,8
2378,2025-04-12 01:13:56,386,97,10
2379,"Sep 03, 2025",50,162,6
2380,2025/06/20 11:09,481,48,6
2381,2025-10-14 21:36:41,426,158,8
2382,2025-04-15 17:14:32,225,188,7
2383,2025-10-31 21:52:46,256,186,6
2384,2025-11-21 01:27:39,433,103,5
2385,2025-02-21 03:55:36,89,60,9
2386,2025-03-08 14:35:27,354,69,10
2387,2025-12-14 10:56:37,479,132,3
2388,2025-04-08 07:13:32,73,179,9
2389,2025-05-28 04:43:45,119,193,3
2390,2025-07-16 11:15:37,101,14,2
2391,2025-05-05,186,89,8
2392,10/12/2025,326,78,5
2393,10/08/2025,339,176,9
2394,2025-09-20 17:11:46,270,101,4
2395,2025-09-04 03:29:19,408,119,4
2396,2025-09-10 14:33:33,271,196,3
2397,2025-09-01 21:44:01,370,73,7
2398,2025/06/05 21:21,415,89,8
2399,2025-12-04 00:03:28,474,88,9
2400,"Sep 12, 2025",490,102,2
2401,2025-11-23 13:59:00,225,24,6
2402,2025-10-14 11:19:35,311,39,5
2403,2025-05-18 09:30:12,128,124,1
2404,2025-09-11 14:29:54,345,46,3
2405,2025-03-01 03:00:31,293,28,8
2406,19/03/2025,262,26,7
2407,2025-03-14 23:48:17,355,3,8
2408,2025-05-21 11:01:48,249,109,1
2409,2025-04-06 21:58:39,9,163,2
2410,2025-10-10 13:34:26,279,116,9
2411,04/08/2025,77,86,9
2412,2025/07/01 05:28,331,173,2
2413,03-21-2025,68,187,8
2414,2025-06-19 21:49:15,31,94,1
2415,2025-04-07 10:46:56,256,109,6
2416,"Sep 18, 2025",457,139,5
2417,2025-10-10 04:03:58,56,10,10
2418,2025/09/22 09:03,16,137,7
2419,2026-01-29 10:00:04,76,127,7
2420,2025-08-20 08:53:14,401,177,10
2421,2025-07-27 20:43:08,69,188,9
2422,2025-03-22,389,84,6
2423,2025-05-24 15:23:01,413,87,5
2424,2025-07-13 23:46:16,344,192,5
2425,2025-02-18 06:58:39,413,111,2
2426,2025-06-10 19:37:48,488,158,9
2427,2025-02-02 13:37:31,291,178,1
2428,2025-03-20 10:00:16,500,195,7
2429,2025-11-23 18:15:40,363,48,5
2430,"Jan 16, 2026",340,103,3
2431,2025-08-02 09:43:23,287,34,5
2432,2025-07-29,96,163,6
2433,2025-10-06 16:46:17,100,74,10
2434,2025-06-30 19:42:49,56,153,6
2435,2025-12-02 12:29:11,390,143,1
2436,2025-07-27 16:49:08,431,114,3
2437,2025-03-01 06:11:23,248,54,9
2438,2025-02-10 20:48:03,203,104,1
2439,2025/11/03 12:34,285,125,9
2440,2025/05/16 01:04,240,116,8
2441,2025-05-10 10:20:09,357,107,1
2442,2025/08/14 19:34,148,61,7
2443,2025-04-01 04:01:40,376,56,4
2444,2025-07-15 20:01:38,190,41,7
2445,10-28-2025,490,56,7
2446,2025-11-05 18:17:18,270,163,6
2447,2025-08-18 18:00:58,30,58,7
2448,2025-03-12 06:28:01,71,116,3
2449,2025-03-12 16:53:40,58,137,6
2450,2025-11-08 21:07:22,209,26,7
2451,2025-11-26 06:52:36,384,108,7
2452,2025-06-12 22:11:55,473,58,3
2453,2025-11-26 14:52:58,82,154,10
2454,2025-02-14 06:03:38,59,157,4
2455,2025/10/19 13:28,122,176,2
2456,2025-08-17 05:52:32,447,131,4
2457,2026-01-26 17:11:28,325,62,3
2458,2025-03-08,246,52,6
2459,2025-11-28 16:09:10,368,176,10
2460,2025-10-31 18:12:44,263,46,8
2461,2025/05/18,427,155,6
2462,2026-01-29 17:07:11,278,105,9
2463,2025/07/13 19:33,415,107,5
2464,"Jun 06, 2025",457,113,8
2465,2025-11-24 18:37:31,112,94,7
2466,07-09-2025,62,110,2
2467,2026-01-27 13:20:33,183,29,3
2468,2025-11-09,223,37,4
2469,2025-04-26 08:54:37,401,182,8
2470,2025-11-21 12:02:20,460,76,8
2471,2025-09-01 10:01:23,450,67,10
2472,06/06/2025,39,36,3
2473,2025-10-16 05:45:49,264,75,5
2474,17/09/2025,306,122,8
2475,2025-03-31 01:01:10,331,66,4
2476,03-21-2025,255,78,3
2477,2025-04-15 22:31:02,372,104,8
2478,2025-04-15 21:22:37,46,89,3
2479,2025-02-20 13:45:42,406,134,6
2480,2025-06-07 19:07:23,422,166,3
2481,2025-05-12 02:21:27,485,98,1
2482,2025-08-14,198,53,4
2483,2025-05-28 19:04:57,31,146,1
2484,2025-10-13 01:11:44,9,52,6
2485,2025/05/15 02:26,491,85,9
2486,2025-05-07 20:37:58,413,15,8
2487,2025-12-09 23:41:42,368,66,3
2488,2026/01/24 06:27,29,177,8
2489,2025-10-04 04:49:33,245,49,2
2490,2025-03-05 08:52:53,215,54,4
2491,2026-01-16 03:34:40,385,123,8
2492,"Nov 12, 2025",156,14,6
2493,"Dec 31, 2025",412,26,9
2494,2026/01/27 23:23,357,29,8
2495,12/12/2025,336,194,7
2496,2025-03-17 09:37:09,387,166,5
2497,2025-12-12 20:26:06,377,88,5
2498,2025-05-01 06:37:58,461,113,2
2499,2025-10-16,129,131,8
2500,2025-11-28 23:13:28,391,114,6
